url,reviews
https://www.amazon.com/Apple-Carrier-Subscription-Cricket-Wireless/dp/B084GT5HWY/ref=sr_1_17?dchild=1&keywords=iphone+12&qid=1606725317&sr=8-17,[<Selector xpath='.//div[1]/div[1]/div[2]/a[2]/span/text()' data='Good phone'>]
https://www.amazon.com/Apple-Carrier-Subscription-Cricket-Wireless/dp/B084GT5HWY/ref=sr_1_17?dchild=1&keywords=iphone+12&qid=1606725317&sr=8-17,[<Selector xpath='.//div[1]/div[1]/div[2]/a[2]/span/text()' data='phone not working I will cancell paym...'>]
https://www.amazon.com/Apple-Carrier-Subscription-Cricket-Wireless/dp/B084GT5HWY/ref=sr_1_17?dchild=1&keywords=iphone+12&qid=1606725317&sr=8-17,[<Selector xpath='.//div[1]/div[1]/div[2]/a[2]/span/text()' data='Beyond Satisfied!'>]
https://www.amazon.com/Apple-Carrier-Subscription-Cricket-Wireless/dp/B084GT5HWY/ref=sr_1_17?dchild=1&keywords=iphone+12&qid=1606725317&sr=8-17,[<Selector xpath='.//div[1]/div[1]/div[2]/a[2]/span/text()' data=':c'>]
https://www.amazon.com/Apple-Carrier-Subscription-Cricket-Wireless/dp/B084GT5HWY/ref=sr_1_17?dchild=1&keywords=iphone+12&qid=1606725317&sr=8-17,[<Selector xpath='.//div[1]/div[1]/div[2]/a[2]/span/text()' data='Really solid phone'>]
https://www.amazon.com/Apple-Carrier-Subscription-Cricket-Wireless/dp/B084GT5HWY/ref=sr_1_17?dchild=1&keywords=iphone+12&qid=1606725317&sr=8-17,[<Selector xpath='.//div[1]/div[1]/div[2]/a[2]/span/text()' data='Scam'>]
https://www.amazon.com/Apple-Carrier-Subscription-Cricket-Wireless/dp/B084GT5HWY/ref=sr_1_17?dchild=1&keywords=iphone+12&qid=1606725317&sr=8-17,[<Selector xpath='.//div[1]/div[1]/div[2]/a[2]/span/text()' data='I had no problems with it.'>]
https://www.amazon.com/Apple-Carrier-Subscription-Cricket-Wireless/dp/B084GT5HWY/ref=sr_1_17?dchild=1&keywords=iphone+12&qid=1606725317&sr=8-17,[<Selector xpath='.//div[1]/div[1]/div[2]/a[2]/span/text()' data='It was not my best perchase'>]
https://www.amazon.com/Samsung-Unlocked-Fingerprint-Recognition-Long-Lasting/dp/B082XXKZRC/ref=sr_1_16?dchild=1&keywords=iphone+12&qid=1606725317&sr=8-16,[<Selector xpath='.//div[1]/div[1]/div[2]/a[2]/span/text()' data='Gives my wife a new voice'>]
https://www.amazon.com/Samsung-Unlocked-Fingerprint-Recognition-Long-Lasting/dp/B082XXKZRC/ref=sr_1_16?dchild=1&keywords=iphone+12&qid=1606725317&sr=8-16,[<Selector xpath='.//div[1]/div[1]/div[2]/a[2]/span/text()' data='Great Phone for me'>]
https://www.amazon.com/Samsung-Unlocked-Fingerprint-Recognition-Long-Lasting/dp/B082XXKZRC/ref=sr_1_16?dchild=1&keywords=iphone+12&qid=1606725317&sr=8-16,[<Selector xpath='.//div[1]/div[1]/div[2]/a[2]/span/text()' data='Horrible product'>]
https://www.amazon.com/Samsung-Unlocked-Fingerprint-Recognition-Long-Lasting/dp/B082XXKZRC/ref=sr_1_16?dchild=1&keywords=iphone+12&qid=1606725317&sr=8-16,[<Selector xpath='.//div[1]/div[1]/div[2]/a[2]/span/text()' data='TelÃ©fono increÃ­ble!!!! pero menos la ...'>]
https://www.amazon.com/Samsung-Unlocked-Fingerprint-Recognition-Long-Lasting/dp/B082XXKZRC/ref=sr_1_16?dchild=1&keywords=iphone+12&qid=1606725317&sr=8-16,[<Selector xpath='.//div[1]/div[1]/div[2]/a[2]/span/text()' data='The fingerprint reader failed after 5...'>]
https://www.amazon.com/Samsung-Unlocked-Fingerprint-Recognition-Long-Lasting/dp/B082XXKZRC/ref=sr_1_16?dchild=1&keywords=iphone+12&qid=1606725317&sr=8-16,[<Selector xpath='.//div[1]/div[1]/div[2]/a[2]/span/text()' data='I mean its a great phone'>]
https://www.amazon.com/Samsung-Unlocked-Fingerprint-Recognition-Long-Lasting/dp/B082XXKZRC/ref=sr_1_16?dchild=1&keywords=iphone+12&qid=1606725317&sr=8-16,[<Selector xpath='.//div[1]/div[1]/div[2]/a[2]/span/text()' data='My Lady loves this handset'>]
https://www.amazon.com/Samsung-Unlocked-Fingerprint-Recognition-Long-Lasting/dp/B082XXKZRC/ref=sr_1_16?dchild=1&keywords=iphone+12&qid=1606725317&sr=8-16,[<Selector xpath='.//div[1]/div[1]/div[2]/a[2]/span/text()' data='super sweet phone!!'>]
https://www.amazon.com/Samsung-Factory-Unlocked-Smartphone-Pro-Grade/dp/B08FYVMRM5/ref=sr_1_13?dchild=1&keywords=iphone+12&qid=1606725317&sr=8-13,"[<Selector xpath='.//div[1]/div[1]/div[2]/a[2]/span/text()' data=""It's just OK"">]"
https://www.amazon.com/Samsung-Factory-Unlocked-Smartphone-Pro-Grade/dp/B08FYVMRM5/ref=sr_1_13?dchild=1&keywords=iphone+12&qid=1606725317&sr=8-13,[<Selector xpath='.//div[1]/div[1]/div[2]/a[2]/span/text()' data='My Review of the S20 FE'>]
https://www.amazon.com/Samsung-Factory-Unlocked-Smartphone-Pro-Grade/dp/B08FYVMRM5/ref=sr_1_13?dchild=1&keywords=iphone+12&qid=1606725317&sr=8-13,[<Selector xpath='.//div[1]/div[1]/div[2]/a[2]/span/text()' data='Happy for the price I paid'>]
https://www.amazon.com/Samsung-Factory-Unlocked-Smartphone-Pro-Grade/dp/B08FYVMRM5/ref=sr_1_13?dchild=1&keywords=iphone+12&qid=1606725317&sr=8-13,[<Selector xpath='.//div[1]/div[1]/div[2]/a[2]/span/text()' data='Best Midrange phone'>]
https://www.amazon.com/Samsung-Factory-Unlocked-Smartphone-Pro-Grade/dp/B08FYVMRM5/ref=sr_1_13?dchild=1&keywords=iphone+12&qid=1606725317&sr=8-13,[<Selector xpath='.//div[1]/div[1]/div[2]/a[2]/span/text()' data='not happy about the phone'>]
https://www.amazon.com/Samsung-Factory-Unlocked-Smartphone-Pro-Grade/dp/B08FYVMRM5/ref=sr_1_13?dchild=1&keywords=iphone+12&qid=1606725317&sr=8-13,[<Selector xpath='.//div[1]/div[1]/div[2]/a[2]/span/text()' data='Bait & Switch?'>]
https://www.amazon.com/Samsung-Factory-Unlocked-Smartphone-Pro-Grade/dp/B08FYVMRM5/ref=sr_1_13?dchild=1&keywords=iphone+12&qid=1606725317&sr=8-13,[<Selector xpath='.//div[1]/div[1]/div[2]/a[2]/span/text()' data='Great phone at a great price'>]
https://www.amazon.com/Samsung-Factory-Unlocked-Smartphone-Pro-Grade/dp/B08FYVMRM5/ref=sr_1_13?dchild=1&keywords=iphone+12&qid=1606725317&sr=8-13,"[<Selector xpath='.//div[1]/div[1]/div[2]/a[2]/span/text()' data='Cheap-o phone for sure, but still alr...'>]"
https://www.amazon.com/Apple-Carrier-Subscription-Cricket-Wireless/dp/B084GSYMNJ/ref=sr_1_18?dchild=1&keywords=iphone+12&qid=1606725317&sr=8-18,[<Selector xpath='.//div[1]/div[1]/div[2]/a[2]/span/text()' data='Fraudulent!! Do not waste your time o...'>]
https://www.amazon.com/Apple-Carrier-Subscription-Cricket-Wireless/dp/B084GSYMNJ/ref=sr_1_18?dchild=1&keywords=iphone+12&qid=1606725317&sr=8-18,[<Selector xpath='.//div[1]/div[1]/div[2]/a[2]/span/text()' data='ðŸ‘ðŸ½'>]
https://www.amazon.com/Apple-Carrier-Subscription-Cricket-Wireless/dp/B084GSYMNJ/ref=sr_1_18?dchild=1&keywords=iphone+12&qid=1606725317&sr=8-18,[<Selector xpath='.//div[1]/div[1]/div[2]/a[2]/span/text()' data='Awesome phone!'>]
https://www.amazon.com/Apple-Carrier-Subscription-Cricket-Wireless/dp/B084GSYMNJ/ref=sr_1_18?dchild=1&keywords=iphone+12&qid=1606725317&sr=8-18,[<Selector xpath='.//div[1]/div[1]/div[2]/a[2]/span/text()' data='Carrier'>]
https://www.amazon.com/Apple-Carrier-Subscription-Cricket-Wireless/dp/B084GSYMNJ/ref=sr_1_18?dchild=1&keywords=iphone+12&qid=1606725317&sr=8-18,[<Selector xpath='.//div[1]/div[1]/div[2]/a[2]/span/text()' data='Great phone'>]
https://www.amazon.com/Apple-Carrier-Subscription-Cricket-Wireless/dp/B084GSYMNJ/ref=sr_1_18?dchild=1&keywords=iphone+12&qid=1606725317&sr=8-18,[<Selector xpath='.//div[1]/div[1]/div[2]/a[2]/span/text()' data='great'>]
https://www.amazon.com/Apple-Carrier-Subscription-Cricket-Wireless/dp/B084GSYMNJ/ref=sr_1_18?dchild=1&keywords=iphone+12&qid=1606725317&sr=8-18,[<Selector xpath='.//div[1]/div[1]/div[2]/a[2]/span/text()' data='good'>]
https://www.amazon.com/Apple-Carrier-Subscription-Cricket-Wireless/dp/B084GSYMNJ/ref=sr_1_18?dchild=1&keywords=iphone+12&qid=1606725317&sr=8-18,[<Selector xpath='.//div[1]/div[1]/div[2]/a[2]/span/text()' data='Good'>]
https://www.amazon.com/Samsung-Electronics-Unlocked-Smartphone-Long-Lasting/dp/B08BX7N9SK/ref=sr_1_9?dchild=1&keywords=iphone+12&qid=1606725317&sr=8-9,[<Selector xpath='.//div[1]/div[1]/div[2]/a[2]/span/text()' data='The Best out there?'>]
https://www.amazon.com/Samsung-Electronics-Unlocked-Smartphone-Long-Lasting/dp/B08BX7N9SK/ref=sr_1_9?dchild=1&keywords=iphone+12&qid=1606725317&sr=8-9,[<Selector xpath='.//div[1]/div[1]/div[2]/a[2]/span/text()' data='no phone'>]
https://www.amazon.com/Samsung-Electronics-Unlocked-Smartphone-Long-Lasting/dp/B08BX7N9SK/ref=sr_1_9?dchild=1&keywords=iphone+12&qid=1606725317&sr=8-9,[<Selector xpath='.//div[1]/div[1]/div[2]/a[2]/span/text()' data='Slow and Frustrating'>]
https://www.amazon.com/Samsung-Electronics-Unlocked-Smartphone-Long-Lasting/dp/B08BX7N9SK/ref=sr_1_9?dchild=1&keywords=iphone+12&qid=1606725317&sr=8-9,"[<Selector xpath='.//div[1]/div[1]/div[2]/a[2]/span/text()' data='Flagship fail (not really, it just do...'>]"
https://www.amazon.com/Samsung-Electronics-Unlocked-Smartphone-Long-Lasting/dp/B08BX7N9SK/ref=sr_1_9?dchild=1&keywords=iphone+12&qid=1606725317&sr=8-9,[<Selector xpath='.//div[1]/div[1]/div[2]/a[2]/span/text()' data='the charger only worked for two hours.'>]
https://www.amazon.com/Google-Pixel-4a-Unlocked-Smartphone/dp/B08CFSZLQ4/ref=sr_1_19?dchild=1&keywords=iphone+12&qid=1606725317&sr=8-19,[<Selector xpath='.//div[1]/div[1]/div[2]/a[2]/span/text()' data='Got the Basics Down'>]
https://www.amazon.com/Google-Pixel-4a-Unlocked-Smartphone/dp/B08CFSZLQ4/ref=sr_1_19?dchild=1&keywords=iphone+12&qid=1606725317&sr=8-19,"[<Selector xpath='.//div[1]/div[1]/div[2]/a[2]/span/text()' data='Pros: Headphone jack, unlocakble boot...'>]"
https://www.amazon.com/Google-Pixel-4a-Unlocked-Smartphone/dp/B08CFSZLQ4/ref=sr_1_19?dchild=1&keywords=iphone+12&qid=1606725317&sr=8-19,"[<Selector xpath='.//div[1]/div[1]/div[2]/a[2]/span/text()' data='Decent quality, good price, but read ...'>]"
https://www.amazon.com/Google-Pixel-4a-Unlocked-Smartphone/dp/B08CFSZLQ4/ref=sr_1_19?dchild=1&keywords=iphone+12&qid=1606725317&sr=8-19,[<Selector xpath='.//div[1]/div[1]/div[2]/a[2]/span/text()' data='Fantastic! Go Buy it!'>]
https://www.amazon.com/Apple-iPhone-Pacific-Carrier-Subscription/dp/B08L5NJG62/ref=sr_1_8?dchild=1&keywords=iphone+12&qid=1606725317&sr=8-8,"[<Selector xpath='.//div[1]/div[1]/div[2]/a[2]/span/text()' data=""The Pros, Cons and Oks for Apple's iP..."">]"
https://www.amazon.com/Apple-iPhone-Pacific-Carrier-Subscription/dp/B08L5NJG62/ref=sr_1_8?dchild=1&keywords=iphone+12&qid=1606725317&sr=8-8,[<Selector xpath='.//div[1]/div[1]/div[2]/a[2]/span/text()' data='why is it only for cricket carrier??'>]
https://www.amazon.com/Apple-iPhone-Pacific-Carrier-Subscription/dp/B08L5NJG62/ref=sr_1_8?dchild=1&keywords=iphone+12&qid=1606725317&sr=8-8,[<Selector xpath='.//div[1]/div[1]/div[2]/a[2]/span/text()' data='Donâ€™t get it booooooooottyyy cheeks'>]
https://www.amazon.com/Apple-iPhone-Pacific-Carrier-Subscription/dp/B08L5NJG62/ref=sr_1_8?dchild=1&keywords=iphone+12&qid=1606725317&sr=8-8,[<Selector xpath='.//div[1]/div[1]/div[2]/a[2]/span/text()' data='Scam'>]
https://www.amazon.com/Apple-iPhone-Pacific-Carrier-Subscription/dp/B08L5NJG62/ref=sr_1_8?dchild=1&keywords=iphone+12&qid=1606725317&sr=8-8,[<Selector xpath='.//div[1]/div[1]/div[2]/a[2]/span/text()' data='A perfect phone without needed access...'>]
https://www.amazon.com/Apple-iPhone-Pacific-Carrier-Subscription/dp/B08L5NJG62/ref=sr_1_8?dchild=1&keywords=iphone+12&qid=1606725317&sr=8-8,[<Selector xpath='.//div[1]/div[1]/div[2]/a[2]/span/text()' data='BIG DISAPPOINTMENT'>]
https://www.amazon.com/Apple-iPhone-Pacific-Carrier-Subscription/dp/B08L5NJG62/ref=sr_1_8?dchild=1&keywords=iphone+12&qid=1606725317&sr=8-8,[<Selector xpath='.//div[1]/div[1]/div[2]/a[2]/span/text()' data='Great Phone'>]
https://www.amazon.com/Apple-iPhone-Pacific-Carrier-Subscription/dp/B08L5NJG62/ref=sr_1_8?dchild=1&keywords=iphone+12&qid=1606725317&sr=8-8,[<Selector xpath='.//div[1]/div[1]/div[2]/a[2]/span/text()' data='Amazing'>]
https://www.amazon.com/Apple-iPhone-Graphite-Carrier-Subscription/dp/B08L5R1CCC/ref=sr_1_7?dchild=1&keywords=iphone+12&qid=1606725317&sr=8-7,[<Selector xpath='.//div[1]/div[1]/div[2]/a[2]/span/text()' data='Why is it Locked for cricket carrier?'>]
https://www.amazon.com/Apple-iPhone-Graphite-Carrier-Subscription/dp/B08L5R1CCC/ref=sr_1_7?dchild=1&keywords=iphone+12&qid=1606725317&sr=8-7,[<Selector xpath='.//div[1]/div[1]/div[2]/a[2]/span/text()' data='forced to buy cricket carrier with ph...'>]
https://www.amazon.com/Apple-iPhone-Graphite-Carrier-Subscription/dp/B08L5R1CCC/ref=sr_1_7?dchild=1&keywords=iphone+12&qid=1606725317&sr=8-7,[<Selector xpath='.//div[1]/div[1]/div[2]/a[2]/span/text()' data='Itâ€™s the best!'>]
https://www.amazon.com/Apple-iPhone-Graphite-Carrier-Subscription/dp/B08L5R1CCC/ref=sr_1_7?dchild=1&keywords=iphone+12&qid=1606725317&sr=8-7,[<Selector xpath='.//div[1]/div[1]/div[2]/a[2]/span/text()' data='Getting used to no home button is the...'>]
https://www.amazon.com/Apple-iPhone-Graphite-Carrier-Subscription/dp/B08L5R1CCC/ref=sr_1_7?dchild=1&keywords=iphone+12&qid=1606725317&sr=8-7,[<Selector xpath='.//div[1]/div[1]/div[2]/a[2]/span/text()' data='Not unlocked'>]
https://www.amazon.com/Apple-iPhone-Graphite-Carrier-Subscription/dp/B08L5R1CCC/ref=sr_1_7?dchild=1&keywords=iphone+12&qid=1606725317&sr=8-7,[<Selector xpath='.//div[1]/div[1]/div[2]/a[2]/span/text()' data='Quiero otra compaÃ±Ã­a telefonica'>]
https://www.amazon.com/Apple-iPhone-Graphite-Carrier-Subscription/dp/B08L5R1CCC/ref=sr_1_7?dchild=1&keywords=iphone+12&qid=1606725317&sr=8-7,[<Selector xpath='.//div[1]/div[1]/div[2]/a[2]/span/text()' data='Let me listen at my own volume.'>]
https://www.amazon.com/Apple-iPhone-Graphite-Carrier-Subscription/dp/B08L5R1CCC/ref=sr_1_7?dchild=1&keywords=iphone+12&qid=1606725317&sr=8-7,[<Selector xpath='.//div[1]/div[1]/div[2]/a[2]/span/text()' data='Forced to pay $55/month for the servi...'>]
https://www.amazon.com/Temdan-Clear-Case-Compatible-iPhone/dp/B08JYYPT33/ref=sr_1_22_sspa?dchild=1&keywords=iphone+12&qid=1606725317&sr=8-22-spons&psc=1&spLa=ZW5jcnlwdGVkUXVhbGlmaWVyPUExMk5aODk4SzBZRlVJJmVuY3J5cHRlZElkPUEwMzIzODcxM1JHTFhTV01XV002SCZlbmNyeXB0ZWRBZElkPUEwNzQyODQ4MVVTRU9QQ1hMTzFIMyZ3aWRnZXROYW1lPXNwX2J0ZiZhY3Rpb249Y2xpY2tSZWRpcmVjdCZkb05vdExvZ0NsaWNrPXRydWU=,"[<Selector xpath='.//div[1]/div[1]/div[2]/a[2]/span/text()' data='PRETTY, THIN, DURABLE'>]"
https://www.amazon.com/Temdan-Clear-Case-Compatible-iPhone/dp/B08JYYPT33/ref=sr_1_22_sspa?dchild=1&keywords=iphone+12&qid=1606725317&sr=8-22-spons&psc=1&spLa=ZW5jcnlwdGVkUXVhbGlmaWVyPUExMk5aODk4SzBZRlVJJmVuY3J5cHRlZElkPUEwMzIzODcxM1JHTFhTV01XV002SCZlbmNyeXB0ZWRBZElkPUEwNzQyODQ4MVVTRU9QQ1hMTzFIMyZ3aWRnZXROYW1lPXNwX2J0ZiZhY3Rpb249Y2xpY2tSZWRpcmVjdCZkb05vdExvZ0NsaWNrPXRydWU=,"[<Selector xpath='.//div[1]/div[1]/div[2]/a[2]/span/text()' data=""Doesn't add much bulk to the phone"">]"
https://www.amazon.com/Temdan-Clear-Case-Compatible-iPhone/dp/B08JYYPT33/ref=sr_1_22_sspa?dchild=1&keywords=iphone+12&qid=1606725317&sr=8-22-spons&psc=1&spLa=ZW5jcnlwdGVkUXVhbGlmaWVyPUExMk5aODk4SzBZRlVJJmVuY3J5cHRlZElkPUEwMzIzODcxM1JHTFhTV01XV002SCZlbmNyeXB0ZWRBZElkPUEwNzQyODQ4MVVTRU9QQ1hMTzFIMyZ3aWRnZXROYW1lPXNwX2J0ZiZhY3Rpb249Y2xpY2tSZWRpcmVjdCZkb05vdExvZ0NsaWNrPXRydWU=,[<Selector xpath='.//div[1]/div[1]/div[2]/a[2]/span/text()' data='Better than Apple cases!'>]
https://www.amazon.com/Temdan-Clear-Case-Compatible-iPhone/dp/B08JYYPT33/ref=sr_1_22_sspa?dchild=1&keywords=iphone+12&qid=1606725317&sr=8-22-spons&psc=1&spLa=ZW5jcnlwdGVkUXVhbGlmaWVyPUExMk5aODk4SzBZRlVJJmVuY3J5cHRlZElkPUEwMzIzODcxM1JHTFhTV01XV002SCZlbmNyeXB0ZWRBZElkPUEwNzQyODQ4MVVTRU9QQ1hMTzFIMyZ3aWRnZXROYW1lPXNwX2J0ZiZhY3Rpb249Y2xpY2tSZWRpcmVjdCZkb05vdExvZ0NsaWNrPXRydWU=,[<Selector xpath='.//div[1]/div[1]/div[2]/a[2]/span/text()' data='Great fit'>]
https://www.amazon.com/Temdan-Clear-Case-Compatible-iPhone/dp/B08JYYPT33/ref=sr_1_22_sspa?dchild=1&keywords=iphone+12&qid=1606725317&sr=8-22-spons&psc=1&spLa=ZW5jcnlwdGVkUXVhbGlmaWVyPUExMk5aODk4SzBZRlVJJmVuY3J5cHRlZElkPUEwMzIzODcxM1JHTFhTV01XV002SCZlbmNyeXB0ZWRBZElkPUEwNzQyODQ4MVVTRU9QQ1hMTzFIMyZ3aWRnZXROYW1lPXNwX2J0ZiZhY3Rpb249Y2xpY2tSZWRpcmVjdCZkb05vdExvZ0NsaWNrPXRydWU=,[<Selector xpath='.//div[1]/div[1]/div[2]/a[2]/span/text()' data='Actually surprisingly good'>]
https://www.amazon.com/Temdan-Clear-Case-Compatible-iPhone/dp/B08JYYPT33/ref=sr_1_22_sspa?dchild=1&keywords=iphone+12&qid=1606725317&sr=8-22-spons&psc=1&spLa=ZW5jcnlwdGVkUXVhbGlmaWVyPUExMk5aODk4SzBZRlVJJmVuY3J5cHRlZElkPUEwMzIzODcxM1JHTFhTV01XV002SCZlbmNyeXB0ZWRBZElkPUEwNzQyODQ4MVVTRU9QQ1hMTzFIMyZ3aWRnZXROYW1lPXNwX2J0ZiZhY3Rpb249Y2xpY2tSZWRpcmVjdCZkb05vdExvZ0NsaWNrPXRydWU=,[<Selector xpath='.//div[1]/div[1]/div[2]/a[2]/span/text()' data='Happy with this  clear case for iPhon...'>]
https://www.amazon.com/Temdan-Clear-Case-Compatible-iPhone/dp/B08JYYPT33/ref=sr_1_22_sspa?dchild=1&keywords=iphone+12&qid=1606725317&sr=8-22-spons&psc=1&spLa=ZW5jcnlwdGVkUXVhbGlmaWVyPUExMk5aODk4SzBZRlVJJmVuY3J5cHRlZElkPUEwMzIzODcxM1JHTFhTV01XV002SCZlbmNyeXB0ZWRBZElkPUEwNzQyODQ4MVVTRU9QQ1hMTzFIMyZ3aWRnZXROYW1lPXNwX2J0ZiZhY3Rpb249Y2xpY2tSZWRpcmVjdCZkb05vdExvZ0NsaWNrPXRydWU=,"[<Selector xpath='.//div[1]/div[1]/div[2]/a[2]/span/text()' data='Great product, recommended'>]"
https://www.amazon.com/Temdan-Clear-Case-Compatible-iPhone/dp/B08JYYPT33/ref=sr_1_22_sspa?dchild=1&keywords=iphone+12&qid=1606725317&sr=8-22-spons&psc=1&spLa=ZW5jcnlwdGVkUXVhbGlmaWVyPUExMk5aODk4SzBZRlVJJmVuY3J5cHRlZElkPUEwMzIzODcxM1JHTFhTV01XV002SCZlbmNyeXB0ZWRBZElkPUEwNzQyODQ4MVVTRU9QQ1hMTzFIMyZ3aWRnZXROYW1lPXNwX2J0ZiZhY3Rpb249Y2xpY2tSZWRpcmVjdCZkb05vdExvZ0NsaWNrPXRydWU=,[<Selector xpath='.//div[1]/div[1]/div[2]/a[2]/span/text()' data='Thick'>]
https://www.amazon.com/BNCHI-Aluminum-Wireless-Charging-Compatible/dp/B08KVY3DGD/ref=sr_1_21_sspa?dchild=1&keywords=iphone+12&qid=1606725317&sr=8-21-spons&psc=1&spLa=ZW5jcnlwdGVkUXVhbGlmaWVyPUExMk5aODk4SzBZRlVJJmVuY3J5cHRlZElkPUEwMzIzODcxM1JHTFhTV01XV002SCZlbmNyeXB0ZWRBZElkPUExMDE2MjU4UzRWMFhHUDc5NjZJJndpZGdldE5hbWU9c3BfYnRmJmFjdGlvbj1jbGlja1JlZGlyZWN0JmRvTm90TG9nQ2xpY2s9dHJ1ZQ==,[<Selector xpath='.//div[1]/div[1]/div[2]/a[2]/span/text()' data='Simple to use'>]
https://www.amazon.com/BNCHI-Aluminum-Wireless-Charging-Compatible/dp/B08KVY3DGD/ref=sr_1_21_sspa?dchild=1&keywords=iphone+12&qid=1606725317&sr=8-21-spons&psc=1&spLa=ZW5jcnlwdGVkUXVhbGlmaWVyPUExMk5aODk4SzBZRlVJJmVuY3J5cHRlZElkPUEwMzIzODcxM1JHTFhTV01XV002SCZlbmNyeXB0ZWRBZElkPUExMDE2MjU4UzRWMFhHUDc5NjZJJndpZGdldE5hbWU9c3BfYnRmJmFjdGlvbj1jbGlja1JlZGlyZWN0JmRvTm90TG9nQ2xpY2s9dHJ1ZQ==,[<Selector xpath='.//div[1]/div[1]/div[2]/a[2]/span/text()' data='Exactly what i was looking for'>]
https://www.amazon.com/BNCHI-Aluminum-Wireless-Charging-Compatible/dp/B08KVY3DGD/ref=sr_1_21_sspa?dchild=1&keywords=iphone+12&qid=1606725317&sr=8-21-spons&psc=1&spLa=ZW5jcnlwdGVkUXVhbGlmaWVyPUExMk5aODk4SzBZRlVJJmVuY3J5cHRlZElkPUEwMzIzODcxM1JHTFhTV01XV002SCZlbmNyeXB0ZWRBZElkPUExMDE2MjU4UzRWMFhHUDc5NjZJJndpZGdldE5hbWU9c3BfYnRmJmFjdGlvbj1jbGlja1JlZGlyZWN0JmRvTm90TG9nQ2xpY2s9dHJ1ZQ==,[<Selector xpath='.//div[1]/div[1]/div[2]/a[2]/span/text()' data='Good'>]
https://www.amazon.com/BNCHI-Aluminum-Wireless-Charging-Compatible/dp/B08KVY3DGD/ref=sr_1_21_sspa?dchild=1&keywords=iphone+12&qid=1606725317&sr=8-21-spons&psc=1&spLa=ZW5jcnlwdGVkUXVhbGlmaWVyPUExMk5aODk4SzBZRlVJJmVuY3J5cHRlZElkPUEwMzIzODcxM1JHTFhTV01XV002SCZlbmNyeXB0ZWRBZElkPUExMDE2MjU4UzRWMFhHUDc5NjZJJndpZGdldE5hbWU9c3BfYnRmJmFjdGlvbj1jbGlja1JlZGlyZWN0JmRvTm90TG9nQ2xpY2s9dHJ1ZQ==,[<Selector xpath='.//div[1]/div[1]/div[2]/a[2]/span/text()' data='One stop charging station!'>]
https://www.amazon.com/BNCHI-Aluminum-Wireless-Charging-Compatible/dp/B08KVY3DGD/ref=sr_1_21_sspa?dchild=1&keywords=iphone+12&qid=1606725317&sr=8-21-spons&psc=1&spLa=ZW5jcnlwdGVkUXVhbGlmaWVyPUExMk5aODk4SzBZRlVJJmVuY3J5cHRlZElkPUEwMzIzODcxM1JHTFhTV01XV002SCZlbmNyeXB0ZWRBZElkPUExMDE2MjU4UzRWMFhHUDc5NjZJJndpZGdldE5hbWU9c3BfYnRmJmFjdGlvbj1jbGlja1JlZGlyZWN0JmRvTm90TG9nQ2xpY2s9dHJ1ZQ==,[<Selector xpath='.//div[1]/div[1]/div[2]/a[2]/span/text()' data='Looks nice'>]
https://www.amazon.com/BNCHI-Aluminum-Wireless-Charging-Compatible/dp/B08KVY3DGD/ref=sr_1_21_sspa?dchild=1&keywords=iphone+12&qid=1606725317&sr=8-21-spons&psc=1&spLa=ZW5jcnlwdGVkUXVhbGlmaWVyPUExMk5aODk4SzBZRlVJJmVuY3J5cHRlZElkPUEwMzIzODcxM1JHTFhTV01XV002SCZlbmNyeXB0ZWRBZElkPUExMDE2MjU4UzRWMFhHUDc5NjZJJndpZGdldE5hbWU9c3BfYnRmJmFjdGlvbj1jbGlja1JlZGlyZWN0JmRvTm90TG9nQ2xpY2s9dHJ1ZQ==,[<Selector xpath='.//div[1]/div[1]/div[2]/a[2]/span/text()' data='Great'>]
https://www.amazon.com/Apple-iPhone-Fully-Unlocked-256/dp/B07TJBCC7H/ref=sr_1_15?dchild=1&keywords=iphone+12&qid=1606725317&sr=8-15,"[<Selector xpath='.//div[1]/div[1]/div[2]/a[2]/span/text()' data='Honestly, it was worth it'>]"
https://www.amazon.com/Apple-iPhone-Fully-Unlocked-256/dp/B07TJBCC7H/ref=sr_1_15?dchild=1&keywords=iphone+12&qid=1606725317&sr=8-15,[<Selector xpath='.//div[1]/div[1]/div[2]/a[2]/span/text()' data='Eh wouldnâ€™t buy again'>]
https://www.amazon.com/Apple-iPhone-Fully-Unlocked-256/dp/B07TJBCC7H/ref=sr_1_15?dchild=1&keywords=iphone+12&qid=1606725317&sr=8-15,[<Selector xpath='.//div[1]/div[1]/div[2]/a[2]/span/text()' data='Phone not working'>]
https://www.amazon.com/Apple-iPhone-Fully-Unlocked-256/dp/B07TJBCC7H/ref=sr_1_15?dchild=1&keywords=iphone+12&qid=1606725317&sr=8-15,[<Selector xpath='.//div[1]/div[1]/div[2]/a[2]/span/text()' data='Did not come with EarPods and Adapter'>]
https://www.amazon.com/Apple-iPhone-Fully-Unlocked-256/dp/B07TJBCC7H/ref=sr_1_15?dchild=1&keywords=iphone+12&qid=1606725317&sr=8-15,[<Selector xpath='.//div[1]/div[1]/div[2]/a[2]/span/text()' data='May be defective one'>]
https://www.amazon.com/Apple-iPhone-Fully-Unlocked-256/dp/B07TJBCC7H/ref=sr_1_15?dchild=1&keywords=iphone+12&qid=1606725317&sr=8-15,[<Selector xpath='.//div[1]/div[1]/div[2]/a[2]/span/text()' data='WISH I COULD GIVE THEM ZERO'>]
https://www.amazon.com/Apple-iPhone-Fully-Unlocked-256/dp/B07TJBCC7H/ref=sr_1_15?dchild=1&keywords=iphone+12&qid=1606725317&sr=8-15,"[<Selector xpath='.//div[1]/div[1]/div[2]/a[2]/span/text()' data='I recieved the xs MAX, not the xs lik...'>]"
https://www.amazon.com/Apple-iPhone-Fully-Unlocked-256/dp/B07TJBCC7H/ref=sr_1_15?dchild=1&keywords=iphone+12&qid=1606725317&sr=8-15,"[<Selector xpath='.//div[1]/div[1]/div[2]/a[2]/span/text()' data='Beautiful, lovely, practically brand ...'>]"
https://www.amazon.com/TOZO-Compatible-Protector-Tempered-Hardness/dp/B08GLFV8RJ/ref=sr_1_20_sspa?dchild=1&keywords=iphone+12&qid=1606725317&sr=8-20-spons&psc=1&spLa=ZW5jcnlwdGVkUXVhbGlmaWVyPUExMk5aODk4SzBZRlVJJmVuY3J5cHRlZElkPUEwMzIzODcxM1JHTFhTV01XV002SCZlbmNyeXB0ZWRBZElkPUEwMjU2NjA4Mkw1UjVNVllQQzIzVCZ3aWRnZXROYW1lPXNwX2J0ZiZhY3Rpb249Y2xpY2tSZWRpcmVjdCZkb05vdExvZ0NsaWNrPXRydWU=,[<Selector xpath='.//div[1]/div[1]/div[2]/a[2]/span/text()' data='Tool came in handy for precise applic...'>]
https://www.amazon.com/TOZO-Compatible-Protector-Tempered-Hardness/dp/B08GLFV8RJ/ref=sr_1_20_sspa?dchild=1&keywords=iphone+12&qid=1606725317&sr=8-20-spons&psc=1&spLa=ZW5jcnlwdGVkUXVhbGlmaWVyPUExMk5aODk4SzBZRlVJJmVuY3J5cHRlZElkPUEwMzIzODcxM1JHTFhTV01XV002SCZlbmNyeXB0ZWRBZElkPUEwMjU2NjA4Mkw1UjVNVllQQzIzVCZ3aWRnZXROYW1lPXNwX2J0ZiZhY3Rpb249Y2xpY2tSZWRpcmVjdCZkb05vdExvZ0NsaWNrPXRydWU=,[<Selector xpath='.//div[1]/div[1]/div[2]/a[2]/span/text()' data='Great for the money... hoping for gre...'>]
https://www.amazon.com/TOZO-Compatible-Protector-Tempered-Hardness/dp/B08GLFV8RJ/ref=sr_1_20_sspa?dchild=1&keywords=iphone+12&qid=1606725317&sr=8-20-spons&psc=1&spLa=ZW5jcnlwdGVkUXVhbGlmaWVyPUExMk5aODk4SzBZRlVJJmVuY3J5cHRlZElkPUEwMzIzODcxM1JHTFhTV01XV002SCZlbmNyeXB0ZWRBZElkPUEwMjU2NjA4Mkw1UjVNVllQQzIzVCZ3aWRnZXROYW1lPXNwX2J0ZiZhY3Rpb249Y2xpY2tSZWRpcmVjdCZkb05vdExvZ0NsaWNrPXRydWU=,[<Selector xpath='.//div[1]/div[1]/div[2]/a[2]/span/text()' data='Great quality and have all tools you ...'>]
https://www.amazon.com/TOZO-Compatible-Protector-Tempered-Hardness/dp/B08GLFV8RJ/ref=sr_1_20_sspa?dchild=1&keywords=iphone+12&qid=1606725317&sr=8-20-spons&psc=1&spLa=ZW5jcnlwdGVkUXVhbGlmaWVyPUExMk5aODk4SzBZRlVJJmVuY3J5cHRlZElkPUEwMzIzODcxM1JHTFhTV01XV002SCZlbmNyeXB0ZWRBZElkPUEwMjU2NjA4Mkw1UjVNVllQQzIzVCZ3aWRnZXROYW1lPXNwX2J0ZiZhY3Rpb249Y2xpY2tSZWRpcmVjdCZkb05vdExvZ0NsaWNrPXRydWU=,"[<Selector xpath='.//div[1]/div[1]/div[2]/a[2]/span/text()' data='Easy installation, good protection'>]"
https://www.amazon.com/TOZO-Compatible-Protector-Tempered-Hardness/dp/B08GLFV8RJ/ref=sr_1_20_sspa?dchild=1&keywords=iphone+12&qid=1606725317&sr=8-20-spons&psc=1&spLa=ZW5jcnlwdGVkUXVhbGlmaWVyPUExMk5aODk4SzBZRlVJJmVuY3J5cHRlZElkPUEwMzIzODcxM1JHTFhTV01XV002SCZlbmNyeXB0ZWRBZElkPUEwMjU2NjA4Mkw1UjVNVllQQzIzVCZ3aWRnZXROYW1lPXNwX2J0ZiZhY3Rpb249Y2xpY2tSZWRpcmVjdCZkb05vdExvZ0NsaWNrPXRydWU=,[<Selector xpath='.//div[1]/div[1]/div[2]/a[2]/span/text()' data='Best screen protector'>]
https://www.amazon.com/TOZO-Compatible-Protector-Tempered-Hardness/dp/B08GLFV8RJ/ref=sr_1_20_sspa?dchild=1&keywords=iphone+12&qid=1606725317&sr=8-20-spons&psc=1&spLa=ZW5jcnlwdGVkUXVhbGlmaWVyPUExMk5aODk4SzBZRlVJJmVuY3J5cHRlZElkPUEwMzIzODcxM1JHTFhTV01XV002SCZlbmNyeXB0ZWRBZElkPUEwMjU2NjA4Mkw1UjVNVllQQzIzVCZ3aWRnZXROYW1lPXNwX2J0ZiZhY3Rpb249Y2xpY2tSZWRpcmVjdCZkb05vdExvZ0NsaWNrPXRydWU=,[<Selector xpath='.//div[1]/div[1]/div[2]/a[2]/span/text()' data='AMAZING!'>]
https://www.amazon.com/TOZO-Compatible-Protector-Tempered-Hardness/dp/B08GLFV8RJ/ref=sr_1_20_sspa?dchild=1&keywords=iphone+12&qid=1606725317&sr=8-20-spons&psc=1&spLa=ZW5jcnlwdGVkUXVhbGlmaWVyPUExMk5aODk4SzBZRlVJJmVuY3J5cHRlZElkPUEwMzIzODcxM1JHTFhTV01XV002SCZlbmNyeXB0ZWRBZElkPUEwMjU2NjA4Mkw1UjVNVllQQzIzVCZ3aWRnZXROYW1lPXNwX2J0ZiZhY3Rpb249Y2xpY2tSZWRpcmVjdCZkb05vdExvZ0NsaWNrPXRydWU=,[<Selector xpath='.//div[1]/div[1]/div[2]/a[2]/span/text()' data='Gear buy and easy installation'>]
https://www.amazon.com/TOZO-Compatible-Protector-Tempered-Hardness/dp/B08GLFV8RJ/ref=sr_1_20_sspa?dchild=1&keywords=iphone+12&qid=1606725317&sr=8-20-spons&psc=1&spLa=ZW5jcnlwdGVkUXVhbGlmaWVyPUExMk5aODk4SzBZRlVJJmVuY3J5cHRlZElkPUEwMzIzODcxM1JHTFhTV01XV002SCZlbmNyeXB0ZWRBZElkPUEwMjU2NjA4Mkw1UjVNVllQQzIzVCZ3aWRnZXROYW1lPXNwX2J0ZiZhY3Rpb249Y2xpY2tSZWRpcmVjdCZkb05vdExvZ0NsaWNrPXRydWU=,[<Selector xpath='.//div[1]/div[1]/div[2]/a[2]/span/text()' data='Worked great!'>]
https://www.amazon.com/OnePlus-Unlocked-Android-Smartphone-Wireless/dp/B08723FJMF/ref=sr_1_14?dchild=1&keywords=iphone+12&qid=1606725317&sr=8-14,[<Selector xpath='.//div[1]/div[1]/div[2]/a[2]/span/text()' data='Best Flagship For The Money'>]
https://www.amazon.com/OnePlus-Unlocked-Android-Smartphone-Wireless/dp/B08723FJMF/ref=sr_1_14?dchild=1&keywords=iphone+12&qid=1606725317&sr=8-14,[<Selector xpath='.//div[1]/div[1]/div[2]/a[2]/span/text()' data='A supurb flagship - - - INFORMATION O...'>]
https://www.amazon.com/OnePlus-Unlocked-Android-Smartphone-Wireless/dp/B08723FJMF/ref=sr_1_14?dchild=1&keywords=iphone+12&qid=1606725317&sr=8-14,[<Selector xpath='.//div[1]/div[1]/div[2]/a[2]/span/text()' data='Moving from 3T to 8Pro'>]
https://www.amazon.com/OnePlus-Unlocked-Android-Smartphone-Wireless/dp/B08723FJMF/ref=sr_1_14?dchild=1&keywords=iphone+12&qid=1606725317&sr=8-14,[<Selector xpath='.//div[1]/div[1]/div[2]/a[2]/span/text()' data='Dual-SIM false advertisement'>]
https://www.amazon.com/OnePlus-Unlocked-Android-Smartphone-Wireless/dp/B08723FJMF/ref=sr_1_14?dchild=1&keywords=iphone+12&qid=1606725317&sr=8-14,[<Selector xpath='.//div[1]/div[1]/div[2]/a[2]/span/text()' data='Good phone with some display issues .'>]
https://www.amazon.com/OnePlus-Unlocked-Android-Smartphone-Wireless/dp/B08723FJMF/ref=sr_1_14?dchild=1&keywords=iphone+12&qid=1606725317&sr=8-14,[<Selector xpath='.//div[1]/div[1]/div[2]/a[2]/span/text()' data='Beautiful ðŸ˜'>]
https://www.amazon.com/OnePlus-Unlocked-Android-Smartphone-Wireless/dp/B08723FJMF/ref=sr_1_14?dchild=1&keywords=iphone+12&qid=1606725317&sr=8-14,"[<Selector xpath='.//div[1]/div[1]/div[2]/a[2]/span/text()' data='Colors, Alexa, carriers.  What a mess.'>]"
https://www.amazon.com/Apple-iPhone-Pro-64GB-Gold/dp/B07ZQSNZ56/ref=sr_1_12?dchild=1&keywords=iphone+12&qid=1606725317&sr=8-12,[<Selector xpath='.//div[1]/div[1]/div[2]/a[2]/span/text()' data='Check the phone anything'>]
https://www.amazon.com/Apple-iPhone-Pro-64GB-Gold/dp/B07ZQSNZ56/ref=sr_1_12?dchild=1&keywords=iphone+12&qid=1606725317&sr=8-12,[<Selector xpath='.//div[1]/div[1]/div[2]/a[2]/span/text()' data='Deep scratch on screen'>]
https://www.amazon.com/Apple-iPhone-Pro-64GB-Gold/dp/B07ZQSNZ56/ref=sr_1_12?dchild=1&keywords=iphone+12&qid=1606725317&sr=8-12,[<Selector xpath='.//div[1]/div[1]/div[2]/a[2]/span/text()' data='not FULLY UNLOCKED'>]
https://www.amazon.com/Apple-iPhone-Pro-64GB-Gold/dp/B07ZQSNZ56/ref=sr_1_12?dchild=1&keywords=iphone+12&qid=1606725317&sr=8-12,[<Selector xpath='.//div[1]/div[1]/div[2]/a[2]/span/text()' data='Phone is A++ Would buy again'>]
https://www.amazon.com/Apple-iPhone-Pro-64GB-Gold/dp/B07ZQSNZ56/ref=sr_1_12?dchild=1&keywords=iphone+12&qid=1606725317&sr=8-12,[<Selector xpath='.//div[1]/div[1]/div[2]/a[2]/span/text()' data='I did not like the product and had to...'>]
https://www.amazon.com/Apple-iPhone-Pro-64GB-Gold/dp/B07ZQSNZ56/ref=sr_1_12?dchild=1&keywords=iphone+12&qid=1606725317&sr=8-12,[<Selector xpath='.//div[1]/div[1]/div[2]/a[2]/span/text()' data='The phone is basically brand new with...'>]
https://www.amazon.com/Apple-iPhone-Pro-64GB-Gold/dp/B07ZQSNZ56/ref=sr_1_12?dchild=1&keywords=iphone+12&qid=1606725317&sr=8-12,[<Selector xpath='.//div[1]/div[1]/div[2]/a[2]/span/text()' data='Works great!'>]
https://www.amazon.com/Apple-iPhone-Pro-64GB-Gold/dp/B07ZQSNZ56/ref=sr_1_12?dchild=1&keywords=iphone+12&qid=1606725317&sr=8-12,[<Selector xpath='.//div[1]/div[1]/div[2]/a[2]/span/text()' data='Great phone'>]
https://www.amazon.com/Apple-iPhone-Locked-Carrier-Subscription/dp/B08L5NKQSQ/ref=sr_1_6?dchild=1&keywords=iphone+12&qid=1606725317&sr=8-6,[<Selector xpath='.//div[1]/div[1]/div[2]/a[2]/span/text()' data='Why is it Locked for cricket carrier?'>]
https://www.amazon.com/Apple-iPhone-Locked-Carrier-Subscription/dp/B08L5NKQSQ/ref=sr_1_6?dchild=1&keywords=iphone+12&qid=1606725317&sr=8-6,[<Selector xpath='.//div[1]/div[1]/div[2]/a[2]/span/text()' data='Not worth the price!!'>]
https://www.amazon.com/Apple-iPhone-Locked-Carrier-Subscription/dp/B08L5NKQSQ/ref=sr_1_6?dchild=1&keywords=iphone+12&qid=1606725317&sr=8-6,[<Selector xpath='.//div[1]/div[1]/div[2]/a[2]/span/text()' data='Trash'>]
https://www.amazon.com/Apple-iPhone-Locked-Carrier-Subscription/dp/B08L5NKQSQ/ref=sr_1_6?dchild=1&keywords=iphone+12&qid=1606725317&sr=8-6,[<Selector xpath='.//div[1]/div[1]/div[2]/a[2]/span/text()' data=':)'>]
https://www.amazon.com/Apple-iPhone-Locked-Carrier-Subscription/dp/B08L5NKQSQ/ref=sr_1_6?dchild=1&keywords=iphone+12&qid=1606725317&sr=8-6,[<Selector xpath='.//div[1]/div[1]/div[2]/a[2]/span/text()' data='Cured my Joint Pain!'>]
https://www.amazon.com/Apple-iPhone-Locked-Carrier-Subscription/dp/B08L5NKQSQ/ref=sr_1_6?dchild=1&keywords=iphone+12&qid=1606725317&sr=8-6,[<Selector xpath='.//div[1]/div[1]/div[2]/a[2]/span/text()' data='Why so expensive'>]
https://www.amazon.com/Apple-iPhone-Locked-Carrier-Subscription/dp/B08L5NKQSQ/ref=sr_1_6?dchild=1&keywords=iphone+12&qid=1606725317&sr=8-6,[<Selector xpath='.//div[1]/div[1]/div[2]/a[2]/span/text()' data='unlocked will be more good'>]
https://www.amazon.com/Apple-iPhone-Locked-Carrier-Subscription/dp/B08L5NKQSQ/ref=sr_1_6?dchild=1&keywords=iphone+12&qid=1606725317&sr=8-6,[<Selector xpath='.//div[1]/div[1]/div[2]/a[2]/span/text()' data='Locked in? Never!'>]
https://www.amazon.com/Ferilinso-Tempered-Glass-Anti-Fingerprint-Anti-Scratch-Installation/dp/B088DGRMB2/ref=sr_1_11_sspa?dchild=1&keywords=iphone+12&qid=1606725317&sr=8-11-spons&psc=1&spLa=ZW5jcnlwdGVkUXVhbGlmaWVyPUExMk5aODk4SzBZRlVJJmVuY3J5cHRlZElkPUEwMzIzODcxM1JHTFhTV01XV002SCZlbmNyeXB0ZWRBZElkPUEwNjQ1MTkwMjhMQVJaWUhFWUo2MyZ3aWRnZXROYW1lPXNwX210ZiZhY3Rpb249Y2xpY2tSZWRpcmVjdCZkb05vdExvZ0NsaWNrPXRydWU=,[<Selector xpath='.//div[1]/div[1]/div[2]/a[2]/span/text()' data='The received protective glass screen ...'>]
https://www.amazon.com/Ferilinso-Tempered-Glass-Anti-Fingerprint-Anti-Scratch-Installation/dp/B088DGRMB2/ref=sr_1_11_sspa?dchild=1&keywords=iphone+12&qid=1606725317&sr=8-11-spons&psc=1&spLa=ZW5jcnlwdGVkUXVhbGlmaWVyPUExMk5aODk4SzBZRlVJJmVuY3J5cHRlZElkPUEwMzIzODcxM1JHTFhTV01XV002SCZlbmNyeXB0ZWRBZElkPUEwNjQ1MTkwMjhMQVJaWUhFWUo2MyZ3aWRnZXROYW1lPXNwX210ZiZhY3Rpb249Y2xpY2tSZWRpcmVjdCZkb05vdExvZ0NsaWNrPXRydWU=,[<Selector xpath='.//div[1]/div[1]/div[2]/a[2]/span/text()' data='Just nope.'>]
https://www.amazon.com/Ferilinso-Tempered-Glass-Anti-Fingerprint-Anti-Scratch-Installation/dp/B088DGRMB2/ref=sr_1_11_sspa?dchild=1&keywords=iphone+12&qid=1606725317&sr=8-11-spons&psc=1&spLa=ZW5jcnlwdGVkUXVhbGlmaWVyPUExMk5aODk4SzBZRlVJJmVuY3J5cHRlZElkPUEwMzIzODcxM1JHTFhTV01XV002SCZlbmNyeXB0ZWRBZElkPUEwNjQ1MTkwMjhMQVJaWUhFWUo2MyZ3aWRnZXROYW1lPXNwX210ZiZhY3Rpb249Y2xpY2tSZWRpcmVjdCZkb05vdExvZ0NsaWNrPXRydWU=,[<Selector xpath='.//div[1]/div[1]/div[2]/a[2]/span/text()' data='Good screen protector'>]
https://www.amazon.com/Ferilinso-Tempered-Glass-Anti-Fingerprint-Anti-Scratch-Installation/dp/B088DGRMB2/ref=sr_1_11_sspa?dchild=1&keywords=iphone+12&qid=1606725317&sr=8-11-spons&psc=1&spLa=ZW5jcnlwdGVkUXVhbGlmaWVyPUExMk5aODk4SzBZRlVJJmVuY3J5cHRlZElkPUEwMzIzODcxM1JHTFhTV01XV002SCZlbmNyeXB0ZWRBZElkPUEwNjQ1MTkwMjhMQVJaWUhFWUo2MyZ3aWRnZXROYW1lPXNwX210ZiZhY3Rpb249Y2xpY2tSZWRpcmVjdCZkb05vdExvZ0NsaWNrPXRydWU=,[<Selector xpath='.//div[1]/div[1]/div[2]/a[2]/span/text()' data='Camera protectors wrong size!'>]
https://www.amazon.com/Ferilinso-Tempered-Glass-Anti-Fingerprint-Anti-Scratch-Installation/dp/B088DGRMB2/ref=sr_1_11_sspa?dchild=1&keywords=iphone+12&qid=1606725317&sr=8-11-spons&psc=1&spLa=ZW5jcnlwdGVkUXVhbGlmaWVyPUExMk5aODk4SzBZRlVJJmVuY3J5cHRlZElkPUEwMzIzODcxM1JHTFhTV01XV002SCZlbmNyeXB0ZWRBZElkPUEwNjQ1MTkwMjhMQVJaWUhFWUo2MyZ3aWRnZXROYW1lPXNwX210ZiZhY3Rpb249Y2xpY2tSZWRpcmVjdCZkb05vdExvZ0NsaWNrPXRydWU=,[<Selector xpath='.//div[1]/div[1]/div[2]/a[2]/span/text()' data='Save your money'>]
https://www.amazon.com/Ferilinso-Tempered-Glass-Anti-Fingerprint-Anti-Scratch-Installation/dp/B088DGRMB2/ref=sr_1_11_sspa?dchild=1&keywords=iphone+12&qid=1606725317&sr=8-11-spons&psc=1&spLa=ZW5jcnlwdGVkUXVhbGlmaWVyPUExMk5aODk4SzBZRlVJJmVuY3J5cHRlZElkPUEwMzIzODcxM1JHTFhTV01XV002SCZlbmNyeXB0ZWRBZElkPUEwNjQ1MTkwMjhMQVJaWUhFWUo2MyZ3aWRnZXROYW1lPXNwX210ZiZhY3Rpb249Y2xpY2tSZWRpcmVjdCZkb05vdExvZ0NsaWNrPXRydWU=,[<Selector xpath='.//div[1]/div[1]/div[2]/a[2]/span/text()' data='Not happy'>]
https://www.amazon.com/Ferilinso-Tempered-Glass-Anti-Fingerprint-Anti-Scratch-Installation/dp/B088DGRMB2/ref=sr_1_11_sspa?dchild=1&keywords=iphone+12&qid=1606725317&sr=8-11-spons&psc=1&spLa=ZW5jcnlwdGVkUXVhbGlmaWVyPUExMk5aODk4SzBZRlVJJmVuY3J5cHRlZElkPUEwMzIzODcxM1JHTFhTV01XV002SCZlbmNyeXB0ZWRBZElkPUEwNjQ1MTkwMjhMQVJaWUhFWUo2MyZ3aWRnZXROYW1lPXNwX210ZiZhY3Rpb249Y2xpY2tSZWRpcmVjdCZkb05vdExvZ0NsaWNrPXRydWU=,[<Selector xpath='.//div[1]/div[1]/div[2]/a[2]/span/text()' data='Itâ€™s way too thick for an iPhone you ...'>]
https://www.amazon.com/Ferilinso-Tempered-Glass-Anti-Fingerprint-Anti-Scratch-Installation/dp/B088DGRMB2/ref=sr_1_11_sspa?dchild=1&keywords=iphone+12&qid=1606725317&sr=8-11-spons&psc=1&spLa=ZW5jcnlwdGVkUXVhbGlmaWVyPUExMk5aODk4SzBZRlVJJmVuY3J5cHRlZElkPUEwMzIzODcxM1JHTFhTV01XV002SCZlbmNyeXB0ZWRBZElkPUEwNjQ1MTkwMjhMQVJaWUhFWUo2MyZ3aWRnZXROYW1lPXNwX210ZiZhY3Rpb249Y2xpY2tSZWRpcmVjdCZkb05vdExvZ0NsaWNrPXRydWU=,[<Selector xpath='.//div[1]/div[1]/div[2]/a[2]/span/text()' data='Great Screen'>]
https://www.amazon.com/TOZO-Compatible-Protector-Tempered-Hardness/dp/B08GLHKZRQ/ref=sr_1_10_sspa?dchild=1&keywords=iphone+12&qid=1606725317&sr=8-10-spons&psc=1&spLa=ZW5jcnlwdGVkUXVhbGlmaWVyPUExMk5aODk4SzBZRlVJJmVuY3J5cHRlZElkPUEwMzIzODcxM1JHTFhTV01XV002SCZlbmNyeXB0ZWRBZElkPUEwMzcwMTg2M0xURFlUQUo4SkhGVSZ3aWRnZXROYW1lPXNwX210ZiZhY3Rpb249Y2xpY2tSZWRpcmVjdCZkb05vdExvZ0NsaWNrPXRydWU=,[<Selector xpath='.//div[1]/div[1]/div[2]/a[2]/span/text()' data='Great Compatibility for a Bargain Price'>]
https://www.amazon.com/TOZO-Compatible-Protector-Tempered-Hardness/dp/B08GLHKZRQ/ref=sr_1_10_sspa?dchild=1&keywords=iphone+12&qid=1606725317&sr=8-10-spons&psc=1&spLa=ZW5jcnlwdGVkUXVhbGlmaWVyPUExMk5aODk4SzBZRlVJJmVuY3J5cHRlZElkPUEwMzIzODcxM1JHTFhTV01XV002SCZlbmNyeXB0ZWRBZElkPUEwMzcwMTg2M0xURFlUQUo4SkhGVSZ3aWRnZXROYW1lPXNwX210ZiZhY3Rpb249Y2xpY2tSZWRpcmVjdCZkb05vdExvZ0NsaWNrPXRydWU=,[<Selector xpath='.//div[1]/div[1]/div[2]/a[2]/span/text()' data='Great price - great protection - easy...'>]
https://www.amazon.com/TOZO-Compatible-Protector-Tempered-Hardness/dp/B08GLHKZRQ/ref=sr_1_10_sspa?dchild=1&keywords=iphone+12&qid=1606725317&sr=8-10-spons&psc=1&spLa=ZW5jcnlwdGVkUXVhbGlmaWVyPUExMk5aODk4SzBZRlVJJmVuY3J5cHRlZElkPUEwMzIzODcxM1JHTFhTV01XV002SCZlbmNyeXB0ZWRBZElkPUEwMzcwMTg2M0xURFlUQUo4SkhGVSZ3aWRnZXROYW1lPXNwX210ZiZhY3Rpb249Y2xpY2tSZWRpcmVjdCZkb05vdExvZ0NsaWNrPXRydWU=,[<Selector xpath='.//div[1]/div[1]/div[2]/a[2]/span/text()' data='Fit my iPhone 12 Pro perfectly.'>]
https://www.amazon.com/TOZO-Compatible-Protector-Tempered-Hardness/dp/B08GLHKZRQ/ref=sr_1_10_sspa?dchild=1&keywords=iphone+12&qid=1606725317&sr=8-10-spons&psc=1&spLa=ZW5jcnlwdGVkUXVhbGlmaWVyPUExMk5aODk4SzBZRlVJJmVuY3J5cHRlZElkPUEwMzIzODcxM1JHTFhTV01XV002SCZlbmNyeXB0ZWRBZElkPUEwMzcwMTg2M0xURFlUQUo4SkhGVSZ3aWRnZXROYW1lPXNwX210ZiZhY3Rpb249Y2xpY2tSZWRpcmVjdCZkb05vdExvZ0NsaWNrPXRydWU=,[<Selector xpath='.//div[1]/div[1]/div[2]/a[2]/span/text()' data='Quality product'>]
https://www.amazon.com/TOZO-Compatible-Protector-Tempered-Hardness/dp/B08GLHKZRQ/ref=sr_1_10_sspa?dchild=1&keywords=iphone+12&qid=1606725317&sr=8-10-spons&psc=1&spLa=ZW5jcnlwdGVkUXVhbGlmaWVyPUExMk5aODk4SzBZRlVJJmVuY3J5cHRlZElkPUEwMzIzODcxM1JHTFhTV01XV002SCZlbmNyeXB0ZWRBZElkPUEwMzcwMTg2M0xURFlUQUo4SkhGVSZ3aWRnZXROYW1lPXNwX210ZiZhY3Rpb249Y2xpY2tSZWRpcmVjdCZkb05vdExvZ0NsaWNrPXRydWU=,[<Selector xpath='.//div[1]/div[1]/div[2]/a[2]/span/text()' data='Good quality'>]
https://www.amazon.com/TOZO-Compatible-Protector-Tempered-Hardness/dp/B08GLHKZRQ/ref=sr_1_10_sspa?dchild=1&keywords=iphone+12&qid=1606725317&sr=8-10-spons&psc=1&spLa=ZW5jcnlwdGVkUXVhbGlmaWVyPUExMk5aODk4SzBZRlVJJmVuY3J5cHRlZElkPUEwMzIzODcxM1JHTFhTV01XV002SCZlbmNyeXB0ZWRBZElkPUEwMzcwMTg2M0xURFlUQUo4SkhGVSZ3aWRnZXROYW1lPXNwX210ZiZhY3Rpb249Y2xpY2tSZWRpcmVjdCZkb05vdExvZ0NsaWNrPXRydWU=,"[<Selector xpath='.//div[1]/div[1]/div[2]/a[2]/span/text()' data=""Best-fitting screen protector I've owned"">]"
https://www.amazon.com/TOZO-Compatible-Protector-Tempered-Hardness/dp/B08GLHKZRQ/ref=sr_1_10_sspa?dchild=1&keywords=iphone+12&qid=1606725317&sr=8-10-spons&psc=1&spLa=ZW5jcnlwdGVkUXVhbGlmaWVyPUExMk5aODk4SzBZRlVJJmVuY3J5cHRlZElkPUEwMzIzODcxM1JHTFhTV01XV002SCZlbmNyeXB0ZWRBZElkPUEwMzcwMTg2M0xURFlUQUo4SkhGVSZ3aWRnZXROYW1lPXNwX210ZiZhY3Rpb249Y2xpY2tSZWRpcmVjdCZkb05vdExvZ0NsaWNrPXRydWU=,[<Selector xpath='.//div[1]/div[1]/div[2]/a[2]/span/text()' data='Easy to install'>]
https://www.amazon.com/TOZO-Compatible-Protector-Tempered-Hardness/dp/B08GLHKZRQ/ref=sr_1_10_sspa?dchild=1&keywords=iphone+12&qid=1606725317&sr=8-10-spons&psc=1&spLa=ZW5jcnlwdGVkUXVhbGlmaWVyPUExMk5aODk4SzBZRlVJJmVuY3J5cHRlZElkPUEwMzIzODcxM1JHTFhTV01XV002SCZlbmNyeXB0ZWRBZElkPUEwMzcwMTg2M0xURFlUQUo4SkhGVSZ3aWRnZXROYW1lPXNwX210ZiZhY3Rpb249Y2xpY2tSZWRpcmVjdCZkb05vdExvZ0NsaWNrPXRydWU=,[<Selector xpath='.//div[1]/div[1]/div[2]/a[2]/span/text()' data='The only Screen protectors Iâ€™ll buy!'>]
https://www.amazon.com/Apple-iPhone-Locked-Carrier-Subscription/dp/B08L5NZHK6/ref=sr_1_2?dchild=1&keywords=iphone+12&qid=1606725317&sr=8-2,[<Selector xpath='.//div[1]/div[1]/div[2]/a[2]/span/text()' data='Just not there yet.... definitly wors...'>]
https://www.amazon.com/Apple-iPhone-Locked-Carrier-Subscription/dp/B08L5NZHK6/ref=sr_1_2?dchild=1&keywords=iphone+12&qid=1606725317&sr=8-2,[<Selector xpath='.//div[1]/div[1]/div[2]/a[2]/span/text()' data='Rip-off'>]
https://www.amazon.com/Apple-iPhone-Locked-Carrier-Subscription/dp/B08L5NZHK6/ref=sr_1_2?dchild=1&keywords=iphone+12&qid=1606725317&sr=8-2,[<Selector xpath='.//div[1]/div[1]/div[2]/a[2]/span/text()' data='iPhone 12'>]
https://www.amazon.com/Apple-iPhone-Locked-Carrier-Subscription/dp/B08L5NZHK6/ref=sr_1_2?dchild=1&keywords=iphone+12&qid=1606725317&sr=8-2,[<Selector xpath='.//div[1]/div[1]/div[2]/a[2]/span/text()' data='Phone'>]
https://www.amazon.com/Apple-iPhone-Locked-Carrier-Subscription/dp/B08L5NZHK6/ref=sr_1_2?dchild=1&keywords=iphone+12&qid=1606725317&sr=8-2,[<Selector xpath='.//div[1]/div[1]/div[2]/a[2]/span/text()' data='it was really bad'>]
https://www.amazon.com/Apple-iPhone-Locked-Carrier-Subscription/dp/B08L5NZHK6/ref=sr_1_2?dchild=1&keywords=iphone+12&qid=1606725317&sr=8-2,[<Selector xpath='.//div[1]/div[1]/div[2]/a[2]/span/text()' data='If your into OLED and HDR over iphone...'>]
https://www.amazon.com/Apple-iPhone-Locked-Carrier-Subscription/dp/B08L5NZHK6/ref=sr_1_2?dchild=1&keywords=iphone+12&qid=1606725317&sr=8-2,[<Selector xpath='.//div[1]/div[1]/div[2]/a[2]/span/text()' data='phone'>]
https://www.amazon.com/Apple-iPhone-Locked-Carrier-Subscription/dp/B08L5NZHK6/ref=sr_1_2?dchild=1&keywords=iphone+12&qid=1606725317&sr=8-2,[<Selector xpath='.//div[1]/div[1]/div[2]/a[2]/span/text()' data='Think this is the one great phone in ...'>]
https://www.amazon.com/Apple-iPhone-Locked-Carrier-Subscription/dp/B08L5P8HPN/ref=sr_1_5?dchild=1&keywords=iphone+12&qid=1606725317&sr=8-5,[<Selector xpath='.//div[1]/div[1]/div[2]/a[2]/span/text()' data='Why is it Locked for cricket carrier?'>]
https://www.amazon.com/Apple-iPhone-Locked-Carrier-Subscription/dp/B08L5P8HPN/ref=sr_1_5?dchild=1&keywords=iphone+12&qid=1606725317&sr=8-5,[<Selector xpath='.//div[1]/div[1]/div[2]/a[2]/span/text()' data='Not worth the price!!'>]
https://www.amazon.com/Apple-iPhone-Locked-Carrier-Subscription/dp/B08L5P8HPN/ref=sr_1_5?dchild=1&keywords=iphone+12&qid=1606725317&sr=8-5,[<Selector xpath='.//div[1]/div[1]/div[2]/a[2]/span/text()' data='Trash'>]
https://www.amazon.com/Apple-iPhone-Locked-Carrier-Subscription/dp/B08L5P8HPN/ref=sr_1_5?dchild=1&keywords=iphone+12&qid=1606725317&sr=8-5,[<Selector xpath='.//div[1]/div[1]/div[2]/a[2]/span/text()' data=':)'>]
https://www.amazon.com/Apple-iPhone-Locked-Carrier-Subscription/dp/B08L5P8HPN/ref=sr_1_5?dchild=1&keywords=iphone+12&qid=1606725317&sr=8-5,[<Selector xpath='.//div[1]/div[1]/div[2]/a[2]/span/text()' data='Cured my Joint Pain!'>]
https://www.amazon.com/Apple-iPhone-Locked-Carrier-Subscription/dp/B08L5P8HPN/ref=sr_1_5?dchild=1&keywords=iphone+12&qid=1606725317&sr=8-5,[<Selector xpath='.//div[1]/div[1]/div[2]/a[2]/span/text()' data='Why so expensive'>]
https://www.amazon.com/Apple-iPhone-Locked-Carrier-Subscription/dp/B08L5P8HPN/ref=sr_1_5?dchild=1&keywords=iphone+12&qid=1606725317&sr=8-5,[<Selector xpath='.//div[1]/div[1]/div[2]/a[2]/span/text()' data='unlocked will be more good'>]
https://www.amazon.com/Apple-iPhone-Locked-Carrier-Subscription/dp/B08L5P8HPN/ref=sr_1_5?dchild=1&keywords=iphone+12&qid=1606725317&sr=8-5,[<Selector xpath='.//div[1]/div[1]/div[2]/a[2]/span/text()' data='Locked in? Never!'>]
https://www.amazon.com/Apple-iPhone-Locked-Carrier-Subscription/dp/B08L5P87VL/ref=sr_1_3?dchild=1&keywords=iphone+12&qid=1606725317&sr=8-3,[<Selector xpath='.//div[1]/div[1]/div[2]/a[2]/span/text()' data='Just not there yet.... definitly wors...'>]
https://www.amazon.com/Apple-iPhone-Locked-Carrier-Subscription/dp/B08L5P87VL/ref=sr_1_3?dchild=1&keywords=iphone+12&qid=1606725317&sr=8-3,[<Selector xpath='.//div[1]/div[1]/div[2]/a[2]/span/text()' data='Rip-off'>]
https://www.amazon.com/Apple-iPhone-Locked-Carrier-Subscription/dp/B08L5P87VL/ref=sr_1_3?dchild=1&keywords=iphone+12&qid=1606725317&sr=8-3,[<Selector xpath='.//div[1]/div[1]/div[2]/a[2]/span/text()' data='iPhone 12'>]
https://www.amazon.com/Apple-iPhone-Locked-Carrier-Subscription/dp/B08L5P87VL/ref=sr_1_3?dchild=1&keywords=iphone+12&qid=1606725317&sr=8-3,[<Selector xpath='.//div[1]/div[1]/div[2]/a[2]/span/text()' data='Phone'>]
https://www.amazon.com/Apple-iPhone-Locked-Carrier-Subscription/dp/B08L5P87VL/ref=sr_1_3?dchild=1&keywords=iphone+12&qid=1606725317&sr=8-3,[<Selector xpath='.//div[1]/div[1]/div[2]/a[2]/span/text()' data='it was really bad'>]
https://www.amazon.com/Apple-iPhone-Locked-Carrier-Subscription/dp/B08L5P87VL/ref=sr_1_3?dchild=1&keywords=iphone+12&qid=1606725317&sr=8-3,[<Selector xpath='.//div[1]/div[1]/div[2]/a[2]/span/text()' data='If your into OLED and HDR over iphone...'>]
https://www.amazon.com/Apple-iPhone-Locked-Carrier-Subscription/dp/B08L5P87VL/ref=sr_1_3?dchild=1&keywords=iphone+12&qid=1606725317&sr=8-3,[<Selector xpath='.//div[1]/div[1]/div[2]/a[2]/span/text()' data='phone'>]
https://www.amazon.com/Apple-iPhone-Locked-Carrier-Subscription/dp/B08L5P87VL/ref=sr_1_3?dchild=1&keywords=iphone+12&qid=1606725317&sr=8-3,[<Selector xpath='.//div[1]/div[1]/div[2]/a[2]/span/text()' data='Think this is the one great phone in ...'>]
https://www.amazon.com/Apple-iPhone-Locked-Carrier-Subscription/dp/B08L5PN9K8/ref=sr_1_4?dchild=1&keywords=iphone+12&qid=1606725317&sr=8-4,[<Selector xpath='.//div[1]/div[1]/div[2]/a[2]/span/text()' data='Just not there yet.... definitly wors...'>]
https://www.amazon.com/Apple-iPhone-Locked-Carrier-Subscription/dp/B08L5PN9K8/ref=sr_1_4?dchild=1&keywords=iphone+12&qid=1606725317&sr=8-4,[<Selector xpath='.//div[1]/div[1]/div[2]/a[2]/span/text()' data='Rip-off'>]
https://www.amazon.com/Apple-iPhone-Locked-Carrier-Subscription/dp/B08L5PN9K8/ref=sr_1_4?dchild=1&keywords=iphone+12&qid=1606725317&sr=8-4,[<Selector xpath='.//div[1]/div[1]/div[2]/a[2]/span/text()' data='iPhone 12'>]
https://www.amazon.com/Apple-iPhone-Locked-Carrier-Subscription/dp/B08L5PN9K8/ref=sr_1_4?dchild=1&keywords=iphone+12&qid=1606725317&sr=8-4,[<Selector xpath='.//div[1]/div[1]/div[2]/a[2]/span/text()' data='Phone'>]
https://www.amazon.com/Apple-iPhone-Locked-Carrier-Subscription/dp/B08L5PN9K8/ref=sr_1_4?dchild=1&keywords=iphone+12&qid=1606725317&sr=8-4,[<Selector xpath='.//div[1]/div[1]/div[2]/a[2]/span/text()' data='it was really bad'>]
https://www.amazon.com/Apple-iPhone-Locked-Carrier-Subscription/dp/B08L5PN9K8/ref=sr_1_4?dchild=1&keywords=iphone+12&qid=1606725317&sr=8-4,[<Selector xpath='.//div[1]/div[1]/div[2]/a[2]/span/text()' data='If your into OLED and HDR over iphone...'>]
https://www.amazon.com/Apple-iPhone-Locked-Carrier-Subscription/dp/B08L5PN9K8/ref=sr_1_4?dchild=1&keywords=iphone+12&qid=1606725317&sr=8-4,[<Selector xpath='.//div[1]/div[1]/div[2]/a[2]/span/text()' data='phone'>]
https://www.amazon.com/Apple-iPhone-Locked-Carrier-Subscription/dp/B08L5PN9K8/ref=sr_1_4?dchild=1&keywords=iphone+12&qid=1606725317&sr=8-4,[<Selector xpath='.//div[1]/div[1]/div[2]/a[2]/span/text()' data='Think this is the one great phone in ...'>]
