url,title
https://www.amazon.com/Apple-iPhone-Locked-Carrier-Subscription/dp/B08L5NZHK6/ref=sr_1_1?dchild=1&keywords=iphone+12&qid=1606724389&sr=8-1,"New Apple iPhone 12 (64GB, Black) [Locked] + Carrier Subscription"
https://www.amazon.com/Google-Pixel-4a-Unlocked-Smartphone/dp/B08CFSZLQ4/ref=sr_1_17?dchild=1&keywords=iphone+12&qid=1606724389&sr=8-17,"







Google Pixel 4a - New Unlocked Android Smartphone - 128 GB of Storage - Up to 24 Hour Battery - Just Black






"
https://www.amazon.com/Samsung-Factory-Unlocked-Smartphone-Pro-Grade/dp/B08FYVMRM5/ref=sr_1_11?dchild=1&keywords=iphone+12&qid=1606724389&sr=8-11,"







Samsung Galaxy S20 FE 5G | Factory Unlocked Android Cell Phone | 128 GB | US Version Smartphone | Pro-Grade Camera, 30X Space Zoom, Night Mode | Cloud Mint Green






"
https://www.amazon.com/Apple-Carrier-Subscription-Cricket-Wireless/dp/B084GT5HWY/ref=sr_1_15?dchild=1&keywords=iphone+12&qid=1606724389&sr=8-15,"Apple iPhone 11 Pro Max [256GB, Silver] + Carrier Subscription [Cricket Wireless]"
https://www.amazon.com/Apple-Carrier-Subscription-Cricket-Wireless/dp/B084GSYMNJ/ref=sr_1_16?dchild=1&keywords=iphone+12&qid=1606724389&sr=8-16,"Apple iPhone 11 [256GB, Purple] + Carrier Subscription [Cricket Wireless]"
https://www.amazon.com/Apple-iPhone-Fully-Unlocked-256/dp/B07TJBCC7H/ref=sr_1_13?dchild=1&keywords=iphone+12&qid=1606724389&sr=8-13,"







Apple iPhone XS, 256GB , Space Gray - Fully Unlocked (Renewed)






"
https://www.amazon.com/Samsung-Unlocked-Fingerprint-Recognition-Long-Lasting/dp/B082XXKZRC/ref=sr_1_14?dchild=1&keywords=iphone+12&qid=1606724389&sr=8-14,"







Samsung Galaxy S20 5G Factory Unlocked New Android Cell Phone US Version, 128GB of Storage, Fingerprint ID and Facial Recognition, Long-Lasting Battery, Cloud Blue






"
https://www.amazon.com/OnePlus-Unlocked-Android-Smartphone-Wireless/dp/B08723FJMF/ref=sr_1_12?dchild=1&keywords=iphone+12&qid=1606724389&sr=8-12,"







OnePlus 8 Pro Onyx Black,â€‹ 5G Unlocked Android Smartphone U.S Version, 12GB RAM+256GB Storage, 120Hz Fluid Display,Quad Camera, Wireless Charge, with Alexa Built-in






"
https://www.amazon.com/Apple-iPhone-Pacific-Carrier-Subscription/dp/B08L5NJG62/ref=sr_1_7?dchild=1&keywords=iphone+12&qid=1606724389&sr=8-7,"New Apple iPhone 12 Pro (256GB, Pacific Blue) [Locked] + Carrier Subscription"
https://www.amazon.com/Apple-iPhone-Graphite-Carrier-Subscription/dp/B08L5R1CCC/ref=sr_1_6?dchild=1&keywords=iphone+12&qid=1606724389&sr=8-6,"New Apple iPhone 12 Pro Max (128GB, Graphite) [Locked] + Carrier Subscription"
https://www.amazon.com/Apple-iPhone-Locked-Carrier-Subscription/dp/B08L5P8HPN/ref=sr_1_4?dchild=1&keywords=iphone+12&qid=1606724389&sr=8-4,"New Apple iPhone 12 mini (64GB, Blue) [Locked] + Carrier Subscription"
https://www.amazon.com/Apple-iPhone-Locked-Carrier-Subscription/dp/B08L5PN9K8/ref=sr_1_3?dchild=1&keywords=iphone+12&qid=1606724389&sr=8-3,"New Apple iPhone 12 (256GB, White) [Locked] + Carrier Subscription"
https://www.amazon.com/Apple-iPhone-Locked-Carrier-Subscription/dp/B08L5NKQSQ/ref=sr_1_5?dchild=1&keywords=iphone+12&qid=1606724389&sr=8-5,"New Apple iPhone 12 mini (128GB, White) [Locked] + Carrier Subscription"
https://www.amazon.com/OnePlus-GM1915-T-Mobile-Unlocked-Renewed/dp/B07YQ8YQCW/ref=sr_1_18?dchild=1&keywords=iphone+12&qid=1606724389&sr=8-18,"







OnePlus 7 Pro US Model GM1915 8GB RAM 256GB ROM T-Mobile Unlocked Single SIM Mirror Gray (Renewed)






"
https://www.amazon.com/Ferilinso-Tempered-Glass-Anti-Fingerprint-Anti-Scratch-Installation/dp/B088DGRMB2/ref=sr_1_10_sspa?dchild=1&keywords=iphone+12&qid=1606724389&sr=8-10-spons&psc=1&spLa=ZW5jcnlwdGVkUXVhbGlmaWVyPUFRUFBCRzc4Rk8xQ0gmZW5jcnlwdGVkSWQ9QTAyMzg1NDQzVUs0NlZURVM4VzVaJmVuY3J5cHRlZEFkSWQ9QTA2NDUxOTAyOExBUlpZSEVZSjYzJndpZGdldE5hbWU9c3BfbXRmJmFjdGlvbj1jbGlja1JlZGlyZWN0JmRvTm90TG9nQ2xpY2s9dHJ1ZQ==,"







Ferilinso [4 Pack] 2 Pack Screen Protector for iPhone 12 with 2 Pack Camera Lens Screen Protector [Tempered-Glass] [Military Protective] [HD Clear] [Case Friendly] [Anti-Fingerprint] [Anti-Scratch]






"
https://www.amazon.com/TOZO-Compatible-Protector-Tempered-Hardness/dp/B08GLHKZRQ/ref=sr_1_9_sspa?dchild=1&keywords=iphone+12&qid=1606724389&sr=8-9-spons&psc=1&spLa=ZW5jcnlwdGVkUXVhbGlmaWVyPUFRUFBCRzc4Rk8xQ0gmZW5jcnlwdGVkSWQ9QTAyMzg1NDQzVUs0NlZURVM4VzVaJmVuY3J5cHRlZEFkSWQ9QTAzNzAxODYzTFREWVRBSjhKSEZVJndpZGdldE5hbWU9c3BfbXRmJmFjdGlvbj1jbGlja1JlZGlyZWN0JmRvTm90TG9nQ2xpY2s9dHJ1ZQ==,"







TOZO Compatible for iPhone 12 and Compatible for iPhone 12 Pro Screen Protector 3 Pack Premium Tempered Glass 0.26mm 9H Hardness 2.5D Film Easy 6.1 inch






"
https://www.amazon.com/Samsung-Electronics-Unlocked-Smartphone-Long-Lasting/dp/B08BX7N9SK/ref=sr_1_8?dchild=1&keywords=iphone+12&qid=1606724389&sr=8-8,"







Samsung Electronics Galaxy Note 20 Ultra 5G Factory Unlocked Android Cell Phone, US Version, 128GB of Storage, Mobile Gaming Smartphone, Long-Lasting Battery, Mystic Bronze






"
https://www.amazon.com/Sundix-Certified-S-10BK-Lightning-Compatible/dp/B08L6BX1QR/ref=sr_1_22_sspa?dchild=1&keywords=iphone+12&qid=1606724389&sr=8-22-spons&psc=1&spLa=ZW5jcnlwdGVkUXVhbGlmaWVyPUFRUFBCRzc4Rk8xQ0gmZW5jcnlwdGVkSWQ9QTAyMzg1NDQzVUs0NlZURVM4VzVaJmVuY3J5cHRlZEFkSWQ9QTAwNTg1NTNaTVRMTEdTVllDN0omd2lkZ2V0TmFtZT1zcF9idGYmYWN0aW9uPWNsaWNrUmVkaXJlY3QmZG9Ob3RMb2dDbGljaz10cnVl,"







iPhone Charger, Sundix MFi Certified(S-10BK) 3Pack 10FT Lightning Cable, Nylon Braided iPhone Cord Compatible iPhone 12/12mini/12Pro/11/11Pro/X/Xs Max/XR/8/iPad/iPod and More






"
https://www.amazon.com/Apple-iPhone-Locked-Carrier-Subscription/dp/B08L5P87VL/ref=sr_1_2?dchild=1&keywords=iphone+12&qid=1606724389&sr=8-2,"New Apple iPhone 12 (128GB, Blue) [Locked] + Carrier Subscription"
https://www.amazon.com/BNCHI-Aluminum-Wireless-Charging-Compatible/dp/B08KVY3DGD/ref=sr_1_20_sspa?dchild=1&keywords=iphone+12&qid=1606724389&sr=8-20-spons&psc=1&spLa=ZW5jcnlwdGVkUXVhbGlmaWVyPUFRUFBCRzc4Rk8xQ0gmZW5jcnlwdGVkSWQ9QTAyMzg1NDQzVUs0NlZURVM4VzVaJmVuY3J5cHRlZEFkSWQ9QTEwMTYyNThTNFYwWEdQNzk2Nkkmd2lkZ2V0TmFtZT1zcF9idGYmYWN0aW9uPWNsaWNrUmVkaXJlY3QmZG9Ob3RMb2dDbGljaz10cnVl,"







BNCHI 2 in 1 Aluminum Alloy Wireless Charging Station Compatible with iPhone12/12 Mini/12 Pro Max/11/11pro/X/Xs/Xs MAX/8 Plus/8 and iWatch 6/5/4/3/2/1(with QC3.0 Adapter) (Matte Black)






"
https://www.amazon.com/Temdan-Clear-Case-Compatible-iPhone/dp/B08JYYPT33/ref=sr_1_21_sspa?dchild=1&keywords=iphone+12&qid=1606724389&sr=8-21-spons&psc=1&spLa=ZW5jcnlwdGVkUXVhbGlmaWVyPUFRUFBCRzc4Rk8xQ0gmZW5jcnlwdGVkSWQ9QTAyMzg1NDQzVUs0NlZURVM4VzVaJmVuY3J5cHRlZEFkSWQ9QTA3NDI4NDgxVVNFT1BDWExPMUgzJndpZGdldE5hbWU9c3BfYnRmJmFjdGlvbj1jbGlja1JlZGlyZWN0JmRvTm90TG9nQ2xpY2s9dHJ1ZQ==,"







Temdan Clear Case Compatible with iPhone 12 Case/Compatible with iPhone 12 Pro Case - Clear






"
https://www.amazon.com/TOZO-Compatible-Protector-Tempered-Hardness/dp/B08GLFV8RJ/ref=sr_1_19_sspa?dchild=1&keywords=iphone+12&qid=1606724389&sr=8-19-spons&psc=1&spLa=ZW5jcnlwdGVkUXVhbGlmaWVyPUFRUFBCRzc4Rk8xQ0gmZW5jcnlwdGVkSWQ9QTAyMzg1NDQzVUs0NlZURVM4VzVaJmVuY3J5cHRlZEFkSWQ9QTAyNTY2MDgyTDVSNU1WWVBDMjNUJndpZGdldE5hbWU9c3BfYnRmJmFjdGlvbj1jbGlja1JlZGlyZWN0JmRvTm90TG9nQ2xpY2s9dHJ1ZQ==,"







TOZO Compatible for iPhone 12 Pro Max Screen Protector 3 Pack Premium Tempered Glass 0.26mm 9H Hardness 2.5D Film Easy 6.7 inch






"
