company_name,company_url,review_quantity
Elegant Themes,https://www.trustpilot.com/review/www.elegantthemes.com,11692 reviews
CleanTalk,https://www.trustpilot.com/review/cleantalk.org,421 reviews
Support Nerds Inc.,https://www.trustpilot.com/review/supportnerds.us,3087 reviews
Appy Pie,https://www.trustpilot.com/review/www.appypie.com,2261 reviews
ASAP Utilities,https://www.trustpilot.com/review/asap-utilities.com,2249 reviews
Gadget Gone,https://www.trustpilot.com/review/gadgetgone.com,1150 reviews
WPMU DEV,https://www.trustpilot.com/review/premium.wpmudev.org,1026 reviews
iRemove: iCloud Activation Lock Screen Bypass Software,https://www.trustpilot.com/review/iremove.tools,1026 reviews
"TherapyNotes, LLC",https://www.trustpilot.com/review/therapynotes.com,991 reviews
Porkbun,https://www.trustpilot.com/review/porkbun.com,937 reviews
FaxDroid,https://www.trustpilot.com/review/faxdroid.com,935 reviews
FreedomVoice,https://www.trustpilot.com/review/www.freedomvoice.com,924 reviews
Buzzsprout,https://www.trustpilot.com/review/buzzsprout.com,865 reviews
WPX,https://www.trustpilot.com/review/wpxhosting.com,865 reviews
RL Exchange,https://www.trustpilot.com/review/rl.exchange,823 reviews
Textedly,https://www.trustpilot.com/review/textedly.com,800 reviews
SMTP2GO,https://www.trustpilot.com/review/www.smtp2go.com,789 reviews
Easyquickfix LLC,https://www.trustpilot.com/review/easyquickfix.com,613 reviews
Bunker,https://www.trustpilot.com/review/buildbunker.com,387 reviews
FocusMe,https://www.trustpilot.com/review/focusme.com,374 reviews
RAMShard,https://www.trustpilot.com/review/ramshard.com,335 reviews
Getflix,https://www.trustpilot.com/review/getflix.com,305 reviews
Appsketiers,https://www.trustpilot.com/review/appsketiers.com,295 reviews
Webinopoly.com,https://www.trustpilot.com/review/webinopoly.com,273 reviews
ScalaHosting,https://www.trustpilot.com/review/www.scalahosting.com,267 reviews
Alts.TOP,https://www.trustpilot.com/review/alts.top,258 reviews
Jumbo Privacy,https://www.trustpilot.com/review/jumboprivacy.com,232 reviews
The Appineers,https://www.trustpilot.com/review/theappineers.com,232 reviews
Jersey Watch,https://www.trustpilot.com/review/jerseywatch.com,212 reviews
CheapFortniteItems.com,https://www.trustpilot.com/review/cheapfortniteitems.com,211 reviews
Truckdues.com,https://www.trustpilot.com/review/www.truckdues.com,185 reviews
Oxheberg,https://www.trustpilot.com/review/oxheberg.com,178 reviews
OnPay,https://www.trustpilot.com/review/onpay.com,170 reviews
"ClearPathGPS, Inc.",https://www.trustpilot.com/review/clearpathgps.com,159 reviews
Safeyangstore,https://www.trustpilot.com/review/safeyangstore.com,131 reviews
Krisp,https://www.trustpilot.com/review/krisp.ai,127 reviews
"EZ VPN, Inc.",https://www.trustpilot.com/review/ezvpn.online,127 reviews
HostArmada,https://www.trustpilot.com/review/hostarmada.com,118 reviews
Bestbuy Softwares-360 Soft Pro,https://www.trustpilot.com/review/bestbuy-softwares.com,114 reviews
JReviews for Joomla & WordPress,https://www.trustpilot.com/review/jreviews.com,91 reviews
DabbyFinance,https://www.trustpilot.com/review/dabby.finance,76 reviews
TotalAV,https://www.trustpilot.com/review/totalav.com,33207 reviews
Driver Support | ONE,https://www.trustpilot.com/review/driversupport.com,13196 reviews
PureVPN,https://www.trustpilot.com/review/purevpn.com,11416 reviews
CyberGhost VPN,https://www.trustpilot.com/review/cyberghostvpn.com,11215 reviews
Notarize,https://www.trustpilot.com/review/notarize.com,8074 reviews
SiteGround,https://www.trustpilot.com/review/www.siteground.com,7115 reviews
ESET US,https://www.trustpilot.com/review/www.eset.com/us,6115 reviews
Fonoma,https://www.trustpilot.com/review/fonoma.com,3661 reviews
StudentDiscounts.com,https://www.trustpilot.com/review/studentdiscounts.com,2504 reviews
StrongVPN,https://www.trustpilot.com/review/www.strongvpn.com,1961 reviews
SunaRomania,https://www.trustpilot.com/review/sunaromania.com,1316 reviews
FastComet,https://www.trustpilot.com/review/www.fastcomet.com,1178 reviews
Ivacy VPN,https://www.trustpilot.com/review/ivacy.com,1111 reviews
Patriot Software,https://www.trustpilot.com/review/patriotsoftware.com,1059 reviews
RingBritain.com,https://www.trustpilot.com/review/ringbritain.com,985 reviews
LiveAgent,https://www.trustpilot.com/review/ladesk.com,572 reviews
MotoCMS,https://www.trustpilot.com/review/motocms.com,430 reviews
Intermedia,https://www.trustpilot.com/review/intermedia.net,384 reviews
DamnModz,https://www.trustpilot.com/review/damnmodz.com,370 reviews
Winhost,https://www.trustpilot.com/review/winhost.com,369 reviews
PitchGround,https://www.trustpilot.com/review/pitchground.com,288 reviews
Refunds Manager,https://www.trustpilot.com/review/www.refundsmanager.com,277 reviews
Tithe.ly Church Giving & Engagement Platform,https://www.trustpilot.com/review/tithe.ly,258 reviews
Gosoftware,https://www.trustpilot.com/review/gosoftwarebuy.com,254 reviews
iFixOnWheelz,https://www.trustpilot.com/review/ifixonwheelz.com,251 reviews
Le VPN,https://www.trustpilot.com/review/le-vpn.com,249 reviews
Sale On Plugins ,https://www.trustpilot.com/review/saleonplugins.com,244 reviews
4K Download,https://www.trustpilot.com/review/4kdownload.com,227 reviews
Discount Salt Pool,https://www.trustpilot.com/review/discountsaltpool.com,219 reviews
10Web.io,https://www.trustpilot.com/review/10web.io,209 reviews
Trusted Tech Team,https://www.trustpilot.com/review/trustedtechteam.com,171 reviews
postale.io,https://www.trustpilot.com/review/postale.io,157 reviews
WebHostingBuzz,https://www.trustpilot.com/review/www.webhostingbuzz.com,154 reviews
BrandBucket,https://www.trustpilot.com/review/brandbucket.com,146 reviews
Hivelocity Hosting,https://www.trustpilot.com/review/hivelocity.net,140 reviews
Flocknote,https://www.trustpilot.com/review/flocknote.com,140 reviews
imagecolorpicker.com,https://www.trustpilot.com/review/imagecolorpicker.com,129 reviews
Allnodes,https://www.trustpilot.com/review/allnodes.com,126 reviews
FastSoftwares US,https://www.trustpilot.com/review/fastsoftwares.com,113 reviews
Pressable,https://www.trustpilot.com/review/pressable.com,108 reviews
Smith.ai,https://www.trustpilot.com/review/smith.ai,105 reviews
Unlockerplus,https://www.trustpilot.com/review/unlockerplus.com,98 reviews
Wren,https://www.trustpilot.com/review/projectwren.com,65 reviews
BEMO | Cybersecurity,https://www.trustpilot.com/review/bemopro.com,65 reviews
MC Lists,https://www.trustpilot.com/review/mc-lists.org,63 reviews
ZonGuru,https://www.trustpilot.com/review/zonguru.com,60 reviews
iWebFusion,https://www.trustpilot.com/review/iwebfusion.net,57 reviews
Eze,https://www.trustpilot.com/review/ezewholesale.com,45 reviews
RackNerd,https://www.trustpilot.com/review/racknerd.com,44 reviews
Eleo Online Donor Management Software,https://www.trustpilot.com/review/eleoonline.com,44 reviews
NuvaHost LLC,https://www.trustpilot.com/review/nuvahost.com,43 reviews
Primed Hosting,https://www.trustpilot.com/review/primedhosting.com,39 reviews
RPGStock,https://www.trustpilot.com/review/rpgstock.com,38 reviews
Rentcars.com,https://www.trustpilot.com/review/rentcars.com,64754 reviews
JustAnswer,https://www.trustpilot.com/review/www.justanswer.com,17600 reviews
TaskRabbit,https://www.trustpilot.com/review/taskrabbit.com,8482 reviews
IPVanish,https://www.trustpilot.com/review/www.ipvanish.com,6328 reviews
ExpressVPN,https://www.trustpilot.com/review/expressvpn.com,6185 reviews
jAlbum,https://www.trustpilot.com/review/www.jalbum.net,4414 reviews
SignUpGenius,https://www.trustpilot.com/review/signupgenius.com,2840 reviews
KeeperÂ® Password Manager,https://www.trustpilot.com/review/keepersecurity.com,2217 reviews
DreamHost,https://www.trustpilot.com/review/www.dreamhost.com,1380 reviews
Bread,https://www.trustpilot.com/review/breadpayments.com,1204 reviews
Recycled Software,https://www.trustpilot.com/review/buy.recycled-software.com,1162 reviews
BisectHosting,https://www.trustpilot.com/review/bisecthosting.com,922 reviews
ZeroBounce,https://www.trustpilot.com/review/www.zerobounce.net,914 reviews
VoIPstudio,https://www.trustpilot.com/review/voipstudio.com,889 reviews
LlamaRepublicaDominicana.com,https://www.trustpilot.com/review/llamarepublicadominicana.com,844 reviews
DianhuaChina.com,https://www.trustpilot.com/review/dianhuachina.com,811 reviews
NameSilo,https://www.trustpilot.com/review/www.namesilo.com,760 reviews
Nobly Point of Sale,https://www.trustpilot.com/review/noblypos.com,529 reviews
Parallels,https://www.trustpilot.com/review/parallels.com,442 reviews
Kinsta,https://www.trustpilot.com/review/kinsta.com,321 reviews
Worthwagon,https://www.trustpilot.com/review/www.worthwagon.com,318 reviews
Theunitysoft,https://www.trustpilot.com/review/theunitysoft.com,300 reviews
DonorPerfect Fundraising Growth Platform,https://www.trustpilot.com/review/donorperfect.com,283 reviews
GreenBuyback,https://www.trustpilot.com/review/greenbuyback.com,257 reviews
TimeSolv,https://www.trustpilot.com/review/timesolv.com,248 reviews
Ordering.co - www.Ordering.co Reviews,https://www.trustpilot.com/review/ordering.co,239 reviews
Chameleon Dating & Community Software Engine,https://www.trustpilot.com/review/www.websplosion.com,229 reviews
BrainyApps,https://www.trustpilot.com/review/brainyapps.com,214 reviews
Sav,https://www.trustpilot.com/review/www.sav.com,204 reviews
Power My Analytics,https://www.trustpilot.com/review/www.powermyanalytics.com,188 reviews
Guesty,https://www.trustpilot.com/review/guesty.com,181 reviews
MelonCube,https://www.trustpilot.com/review/meloncube.net,170 reviews
M2host,https://www.trustpilot.com/review/m2host.com,164 reviews
Automatic Email manager,https://www.trustpilot.com/review/automatic-email-manager.com,144 reviews
Webshare Proxy,https://www.trustpilot.com/review/webshare.io,131 reviews
Nexcess,https://www.trustpilot.com/review/nexcess.net,121 reviews
Post Planner,https://www.trustpilot.com/review/postplanner.com,98 reviews
JustCall.io,https://www.trustpilot.com/review/justcall.io,95 reviews
Aquatis LLC,https://www.trustpilot.com/review/aquatis.host,85 reviews
Progress Telerik,https://www.trustpilot.com/review/www.telerik.com,85 reviews
UniTel Voice,https://www.trustpilot.com/review/unitelvoice.com,83 reviews
Codementor,https://www.trustpilot.com/review/codementor.io,76 reviews
Agiled,https://www.trustpilot.com/review/agiled.app,73 reviews
Whistle,https://www.trustpilot.com/review/whistlesell.com,71 reviews
GeeksProgramming,https://www.trustpilot.com/review/www.geeksprogramming.com,71 reviews
Reach Mobile,https://www.trustpilot.com/review/reachmobile.com,63 reviews
Gate.com,https://www.trustpilot.com/review/gate.com,61 reviews
TitansVault,https://www.trustpilot.com/review/titansvault.com,55 reviews
Softorino,https://www.trustpilot.com/review/softorino.com,50 reviews
FLSBOOST,https://www.trustpilot.com/review/flsboost.com,45 reviews
StealthSeminar,https://www.trustpilot.com/review/stealthseminar.com,39 reviews
uQR.me - QR Code Generator,https://www.trustpilot.com/review/uqr.me,31 reviews
Omegaboosting,https://www.trustpilot.com/review/omegaboosting.com,29 reviews
Maxify Digital,https://www.trustpilot.com/review/maxify.digital,25 reviews
ZAP-Hosting,https://www.trustpilot.com/review/zap-hosting.com,13721 reviews
Tello.com,https://www.trustpilot.com/review/tello.com,6840 reviews
Office Timeline,https://www.trustpilot.com/review/www.officetimeline.com,4501 reviews
PinZoo.com,https://www.trustpilot.com/review/pinzoo.com,4229 reviews
Smart DNS Proxy,https://www.trustpilot.com/review/smartdnsproxy.com,3361 reviews
PDFfiller,https://www.trustpilot.com/review/pdffiller.com,3201 reviews
MAXBACK,https://www.trustpilot.com/review/www.maxback.com,2256 reviews
MyPostcard,https://www.trustpilot.com/review/mypostcard.com,1690 reviews
Clickfunnels,https://www.trustpilot.com/review/www.clickfunnels.com,1027 reviews
TelephoneJamaica.com,https://www.trustpilot.com/review/telephonejamaica.com,908 reviews
SquadLocker,https://www.trustpilot.com/review/squadlocker.com,868 reviews
Nextiva,https://www.trustpilot.com/review/nextiva.com,855 reviews
Realeflow,https://www.trustpilot.com/review/www.realeflow.com,475 reviews
Kajabi,https://www.trustpilot.com/review/kajabi.com,474 reviews
Liquid Web Inc.,https://www.trustpilot.com/review/liquidweb.com,429 reviews
Dialpad,https://www.trustpilot.com/review/dialpad.com,413 reviews
Midphase,https://www.trustpilot.com/review/www.midphase.com,374 reviews
RentSpree,https://www.trustpilot.com/review/www.rentspree.com,365 reviews
Host4Geeks - Premium Managed Web Hosting,https://www.trustpilot.com/review/www.host4geeks.com,267 reviews
Neothek.com,https://www.trustpilot.com/review/www.neothek.com,264 reviews
Host Advice,https://www.trustpilot.com/review/hostadvice.com,261 reviews
DiscountASP.NET,https://www.trustpilot.com/review/discountasp.net,243 reviews
Modern Solutions,https://www.trustpilot.com/review/shopmodernsolutions.com,235 reviews
TheChecker,https://www.trustpilot.com/review/thechecker.co,218 reviews
Tailoredlogo,https://www.trustpilot.com/review/tailoredlogo.com,185 reviews
Power Diary,https://www.trustpilot.com/review/powerdiary.com,142 reviews
CoConstruct | Construction Management Software,https://www.trustpilot.com/review/www.coconstruct.com,140 reviews
digitalkeysbox.com,https://www.trustpilot.com/review/digitalkeysbox.com,128 reviews
SelfDecode,https://www.trustpilot.com/review/selfdecode.com,82 reviews
Coolutils,https://www.trustpilot.com/review/www.coolutils.com,82 reviews
WitherHosting,https://www.trustpilot.com/review/witherhosting.com,77 reviews
IDShield,https://www.trustpilot.com/review/idshield.com,74 reviews
Tutturu,https://www.trustpilot.com/review/tutturu.tv,47 reviews
ZookaWare,https://www.trustpilot.com/review/zookaware.com,45 reviews
EvoseedBox,https://www.trustpilot.com/review/evoseedbox.com,36 reviews
NameDrop,https://www.trustpilot.com/review/namedrop.io,33 reviews
SocketLabs,https://www.trustpilot.com/review/socketlabs.com,32 reviews
IXWare,https://www.trustpilot.com/review/ixware.biz,31 reviews
Frase,https://www.trustpilot.com/review/www.frase.io,26 reviews
Solve iQ,https://www.trustpilot.com/review/solveiq.com,25 reviews
Survey Junkie,https://www.trustpilot.com/review/www.surveyjunkie.com,20746 reviews
doctorSIM,https://www.trustpilot.com/review/doctorsim.com,8809 reviews
Movavi,https://www.trustpilot.com/review/www.movavi.com,8056 reviews
MobileRecharge.com,https://www.trustpilot.com/review/mobilerecharge.com,6893 reviews
HablaCuba.com,https://www.trustpilot.com/review/hablacuba.com,4917 reviews
1Password,https://www.trustpilot.com/review/1password.com,3353 reviews
Inspirock,https://www.trustpilot.com/review/inspirock.com,2887 reviews
HablaMexico.com,https://www.trustpilot.com/review/hablamexico.com,1415 reviews
CzescPolska.com,https://www.trustpilot.com/review/czescpolska.com,630 reviews
FreeGrabApp,https://www.trustpilot.com/review/www.freegrabapp.com,559 reviews
CallMuangThai.com,https://www.trustpilot.com/review/callmuangthai.com,486 reviews
PrePass,https://www.trustpilot.com/review/prepass.com,469 reviews
Screenleap,https://www.trustpilot.com/review/www.screenleap.com,380 reviews
CS.MONEY  | Black Friday 2020  ðŸ›’ ,https://www.trustpilot.com/review/cs.money,362 reviews
IM Creator,https://www.trustpilot.com/review/imcreator.com,321 reviews
OnSIP,https://www.trustpilot.com/review/onsip.com,293 reviews
Tech For Less,https://www.trustpilot.com/review/www.techforless.com,274 reviews
IK Multimedia,https://www.trustpilot.com/review/www.ikmultimedia.com,247 reviews
eDirectory.com,https://www.trustpilot.com/review/www.edirectory.com,217 reviews
Hostripples - Managed Web Hosting,https://www.trustpilot.com/review/hostripples.com,187 reviews
Name.com,https://www.trustpilot.com/review/name.com,173 reviews
Fonus,https://www.trustpilot.com/review/fonusmobile.com,131 reviews
Subsplash,https://www.trustpilot.com/review/subsplash.com,131 reviews
ProxyRack,https://www.trustpilot.com/review/www.proxyrack.com,118 reviews
SOCi,https://www.trustpilot.com/review/www.meetsoci.com,116 reviews
eComEngine,https://www.trustpilot.com/review/www.ecomengine.com,107 reviews
Servercheap.NET,https://www.trustpilot.com/review/servercheap.net,90 reviews
Channable,https://www.trustpilot.com/review/channable.com,87 reviews
Let's Enhance,https://www.trustpilot.com/review/letsenhance.io,57 reviews
Outbyte Computing,https://www.trustpilot.com/review/outbyte.com,50 reviews
InVideo,https://www.trustpilot.com/review/invideo.io,49 reviews
VyOS,https://www.trustpilot.com/review/vyos.io,45 reviews
NodeClusters,https://www.trustpilot.com/review/nodeclusters.com,42 reviews
Cynderhost,https://www.trustpilot.com/review/cynderhost.com,33 reviews
Asteroom,https://www.trustpilot.com/review/asteroom.com,25 reviews
Topaz Labs,https://www.trustpilot.com/review/www.topazlabs.com,13913 reviews
KeepCalling.com,https://www.trustpilot.com/review/keepcalling.com,7669 reviews
Driver Easy,https://www.trustpilot.com/review/www.drivereasy.com,6993 reviews
NordVPN,https://www.trustpilot.com/review/nordvpn.com,4983 reviews
Advanced System Repair,https://www.trustpilot.com/review/www.advancedsystemrepair.com,4597 reviews
iStripper,https://www.trustpilot.com/review/www.istripper.com,3594 reviews
Wide Angle Software,https://www.trustpilot.com/review/wideanglesoftware.com,1546 reviews
PC Protect,https://www.trustpilot.com/review/pcprotect.com,991 reviews
TawagPinas.com,https://www.trustpilot.com/review/tawagpinas.com,964 reviews
TollFreeForwarding.com,https://www.trustpilot.com/review/tollfreeforwarding.com,952 reviews
TelephoneNigeria.com,https://www.trustpilot.com/review/telephonenigeria.com,894 reviews
LlamaColombia.com,https://www.trustpilot.com/review/llamacolombia.com,845 reviews
SoftwareDiscountUSA.com,https://www.trustpilot.com/review/softwarediscountusa.com,622 reviews
Ucraft,https://www.trustpilot.com/review/www.ucraft.com,475 reviews
Encrypt.me,https://www.trustpilot.com/review/encrypt.me,375 reviews
Unlockradar,https://www.trustpilot.com/review/unlockradar.com,367 reviews
GreenGeeks Web Hosting,https://www.trustpilot.com/review/greengeeks.com,340 reviews
Starry,https://www.trustpilot.com/review/starry.com,250 reviews
101domain,https://www.trustpilot.com/review/101domain.com,230 reviews
LUXY Inc,https://www.trustpilot.com/review/luxyride.com,228 reviews
Nebula Genomics,https://www.trustpilot.com/review/nebula.org,224 reviews
Humblefax,https://www.trustpilot.com/review/humblefax.com,189 reviews
CloudTalk,https://www.trustpilot.com/review/cloudtalk.io,186 reviews
TorGuard,https://www.trustpilot.com/review/torguard.net,184 reviews
agefotostock,https://www.trustpilot.com/review/www.agefotostock.com,169 reviews
Adkad Technologies,https://www.trustpilot.com/review/adkad.com,169 reviews
DimeCuba,https://www.trustpilot.com/review/dimecuba.com,124 reviews
TelephoneGhana.com,https://www.trustpilot.com/review/telephoneghana.com,123 reviews
Winston Privacy,https://www.trustpilot.com/review/winstonprivacy.com,106 reviews
PloxHost,https://www.trustpilot.com/review/plox-hosting.com,95 reviews
XS Usenet,https://www.trustpilot.com/review/xsusenet.com,89 reviews
Reply.io,https://www.trustpilot.com/review/reply.io,70 reviews
KDETools Software Inc.,https://www.trustpilot.com/review/kdetools.com,60 reviews
TablesReady,https://www.trustpilot.com/review/tablesready.com,42 reviews
Softa Cloud,https://www.trustpilot.com/review/softacloud.com,41 reviews
Password-Find,https://www.trustpilot.com/review/password-find.com,26 reviews
Surfshark,https://www.trustpilot.com/review/surfshark.com,6458 reviews
SITE123,https://www.trustpilot.com/review/site123.com,4875 reviews
Reimage,https://www.trustpilot.com/review/www.reimageplus.com,2081 reviews
Samedaysoftware,https://www.trustpilot.com/review/www.samedaysoftware.com,1602 reviews
iPostal1,https://www.trustpilot.com/review/ipostal1.com,1269 reviews
Pipedriveâ„¢,https://www.trustpilot.com/review/pipedrive.com,844 reviews
Resilio - Resilio Sync,https://www.trustpilot.com/review/www.resilio.com,675 reviews
TelephoneKenya.com,https://www.trustpilot.com/review/telephonekenya.com,593 reviews
Typeform,https://www.trustpilot.com/review/typeform.com,546 reviews
server4you.com,https://www.trustpilot.com/review/server4you.com,521 reviews
LlamaElSalvador,https://www.trustpilot.com/review/llamaelsalvador.com,470 reviews
SalutHaiti.com,https://www.trustpilot.com/review/saluthaiti.com,466 reviews
Difmark.com,https://www.trustpilot.com/review/difmark.com,414 reviews
Sparked Host LLC,https://www.trustpilot.com/review/sparkedhost.us,328 reviews
TopUp,https://www.trustpilot.com/review/topup.com,312 reviews
SimpleTexting,https://www.trustpilot.com/review/simpletexting.com,153 reviews
AutoFications,https://www.trustpilot.com/review/autofications.com,144 reviews
WP Engine,https://www.trustpilot.com/review/wpengine.com,139 reviews
LivePerson,https://www.trustpilot.com/review/www.liveperson.com,106 reviews
ActiveGameHost,https://www.trustpilot.com/review/www.activegamehost.com,65 reviews
Softwarekeys.io,https://www.trustpilot.com/review/softwarekeys.io,37 reviews
Get Set Go Web,https://www.trustpilot.com/review/www.getsetgoweb.com,35 reviews
Carvoy,https://www.trustpilot.com/review/carvoy.com,28 reviews
Mychoicesoftware,https://www.trustpilot.com/review/mychoicesoftware.com,4106 reviews
Identity GuardÂ®,https://www.trustpilot.com/review/www.identityguard.com,3472 reviews
Dashlane,https://www.trustpilot.com/review/www.dashlane.com,2764 reviews
UnlockRiver,https://www.trustpilot.com/review/www.unlockriver.com,2666 reviews
HMA VPN,https://www.trustpilot.com/review/www.hidemyass.com,2542 reviews
PhoneIndia.com,https://www.trustpilot.com/review/phoneindia.com,2404 reviews
Rapidgator,https://www.trustpilot.com/review/www.rapidgator.net,1288 reviews
Freeconference.com,https://www.trustpilot.com/review/freeconference.com,820 reviews
Producer Loops,https://www.trustpilot.com/review/producerloops.com,631 reviews
Transflo,https://www.trustpilot.com/review/transflo.com,615 reviews
Simply Bits,https://www.trustpilot.com/review/www.simplybits.com,526 reviews
GlocalMe,https://www.trustpilot.com/review/glocalme.com,336 reviews
TheAltening,https://www.trustpilot.com/review/thealtening.com,208 reviews
AdRoll,https://www.trustpilot.com/review/adroll.com,72 reviews
Revivenode,https://www.trustpilot.com/review/revivenode.com,69 reviews
GuruSquad,https://www.trustpilot.com/review/gurusquad.com,65 reviews
Rainproxy,https://www.trustpilot.com/review/rainproxy.io,58 reviews
Drift,https://www.trustpilot.com/review/www.drift.com,55 reviews
Shop Tiertime,https://www.trustpilot.com/review/shop.tiertime.com,47 reviews
VersatileNode,https://www.trustpilot.com/review/versatilenode.com,43 reviews
GoDaddy,https://www.trustpilot.com/review/www.godaddy.com,14935 reviews
IONOS | ionos.com,https://www.trustpilot.com/review/ionos.com,12296 reviews
Rebtel,https://www.trustpilot.com/review/www.rebtel.com,7117 reviews
Iphoneapprovedunlock,https://www.trustpilot.com/review/iphoneapprovedunlock.com,1876 reviews
mail.com,https://www.trustpilot.com/review/www.mail.com,1342 reviews
VIP Communications,https://www.trustpilot.com/review/joinvip.com,1236 reviews
SimplePractice,https://www.trustpilot.com/review/www.simplepractice.com,787 reviews
BusyKid,https://www.trustpilot.com/review/busykid.com,683 reviews
Red Pocket Mobile,https://www.trustpilot.com/review/www.redpocket.com,598 reviews
TengoInternet,https://www.trustpilot.com/review/www.tengointernet.com,435 reviews
Shift,https://www.trustpilot.com/review/tryshift.com,131 reviews
JobNimbus,https://www.trustpilot.com/review/jobnimbus.com,112 reviews
Aventis Systems,https://www.trustpilot.com/review/aventissystems.com,100 reviews
doxo,https://www.trustpilot.com/review/doxo.com,92 reviews
System413,https://www.trustpilot.com/review/413.io,75 reviews
Uscreen,https://www.trustpilot.com/review/uscreen.tv,28 reviews
WP-Script,https://www.trustpilot.com/review/wp-script.com,798 reviews
Nchsoftware,https://www.trustpilot.com/review/www.nchsoftware.com,572 reviews
Hostwinds,https://www.trustpilot.com/review/hostwinds.com,291 reviews
Kickresume - resume builder &  cover letter builder,https://www.trustpilot.com/review/kickresume.com,257 reviews
Uniregistry,https://www.trustpilot.com/review/uniregistry.com,225 reviews
Maxprog,https://www.trustpilot.com/review/www.maxprog.com,112 reviews
Tokeet,https://www.trustpilot.com/review/tokeet.com,107 reviews
Ezoic,https://www.trustpilot.com/review/ezoic.com,69 reviews
Homesnap,https://www.trustpilot.com/review/homesnap.com,35 reviews
Huckleberry Insurance,https://www.trustpilot.com/review/huckleberry.com,30 reviews
Private Internet Access,https://www.trustpilot.com/review/privateinternetaccess.com,6293 reviews
Lycamobile USA,https://www.trustpilot.com/review/lycamobile.us,4923 reviews
UltraVPN,https://www.trustpilot.com/review/ultravpn.com,609 reviews
Hotspot Shield,https://www.trustpilot.com/review/www.hotspotshield.com,290 reviews
Westhost,https://www.trustpilot.com/review/westhost.com,282 reviews
Nudge Coach,https://www.trustpilot.com/review/nudgecoach.com,44 reviews
Songoda,https://www.trustpilot.com/review/www.songoda.com,41 reviews
SlothHost,https://www.trustpilot.com/review/slothhost.com,40 reviews
Invoice2go,https://www.trustpilot.com/review/invoice2go.com,33 reviews
Ioffer Movies,https://www.trustpilot.com/review/ioffer-movies.com,374 reviews
Flutterwave,https://www.trustpilot.com/review/flutterwave.com,46 reviews
accessiBe,https://www.trustpilot.com/review/accessibe.com,30 reviews
GoSite,https://www.trustpilot.com/review/gosite.com,28 reviews
eTakeoff,https://www.trustpilot.com/review/etakeoff.com,26 reviews
Web.com,https://www.trustpilot.com/review/www.web.com,603 reviews
Ektor.io,https://www.trustpilot.com/review/ektor.io,272 reviews
The FX Chain,https://www.trustpilot.com/review/thefxchain.com,26 reviews
iPhoneIMEI.Net,https://www.trustpilot.com/review/iphoneimei.net,5123 reviews
PC Cleaner Inc.,https://www.trustpilot.com/review/www.pc-cleaners.com,3857 reviews
Alignable,https://www.trustpilot.com/review/alignable.com,385 reviews
Asana,https://www.trustpilot.com/review/www.asana.com,70 reviews
Hye Hosting,https://www.trustpilot.com/review/hosting.hyeservices.com,29 reviews
Jairubni.com,https://www.trustpilot.com/review/jairubni.com,27 reviews
TaxCloud,https://www.trustpilot.com/review/taxcloud.com,85 reviews
VirMach,https://www.trustpilot.com/review/virmach.com,668 reviews
Vend,https://www.trustpilot.com/review/www.vendhq.com,348 reviews
Capterra,https://www.trustpilot.com/review/www.capterra.com,336 reviews
RedTeam,https://www.trustpilot.com/review/redteam.com,125 reviews
Wifinity,https://www.trustpilot.com/review/wifinity.co.uk,397 reviews
ProjectManager.com,https://www.trustpilot.com/review/projectmanager.com,376 reviews
InPixio,https://www.trustpilot.com/review/inpixio.com,3434 reviews
WebWatcher,https://www.trustpilot.com/review/www.webwatcher.com,491 reviews
VPS.NET,https://www.trustpilot.com/review/www.vps.net,139 reviews
Azuga,https://www.trustpilot.com/review/www.azuga.com,66 reviews
Indeed,https://www.trustpilot.com/review/www.indeed.com,2998 reviews
DSL Extreme,https://www.trustpilot.com/review/dslextreme.com,1128 reviews
Cloudflare,https://www.trustpilot.com/review/cloudflare.com,217 reviews
HRdirect Smart Apps,https://www.trustpilot.com/review/hrdirectapps.com,133 reviews
talech,https://www.trustpilot.com/review/talech.com,77 reviews
HughesNet,https://www.trustpilot.com/review/hughesnet.com,65989 reviews
Hostgator,https://www.trustpilot.com/review/hostgator.com,867 reviews
Intelius,https://www.trustpilot.com/review/www.intelius.com,110 reviews
"Deepbrid.com - Your links, served instantly!",https://www.trustpilot.com/review/deepbrid.com,200 reviews
Namecheap,https://www.trustpilot.com/review/www.namecheap.com,803 reviews
Yext,https://www.trustpilot.com/review/yext.com,247 reviews
FastSpring,https://www.trustpilot.com/review/fastspring.com,119 reviews
Popcorn Time,https://www.trustpilot.com/review/popcorntime.sh,102 reviews
Gumroad,https://www.trustpilot.com/review/gumroad.com,66 reviews
Tel3,https://www.trustpilot.com/review/www.tel3.com,1110 reviews
Bluehost,https://www.trustpilot.com/review/www.bluehost.com,740 reviews
wix.com,https://www.trustpilot.com/review/www.wix.com,2296 reviews
Norton,https://www.trustpilot.com/review/www.norton.com,377 reviews
Just Eat,https://www.trustpilot.com/review/www.just-eat.com,596 reviews
